CLOCK,OPEN,HIGH,LOW,CLOSE
2015-04-17,7722.0,7918.8,7631.2,7758.2
2015-04-20,7760.0,7857.0,7582.0,7622.2
2015-04-21,7650.2,8147.0,7640.2,8140.4
2015-04-22,8158.0,8237.8,8104.4,8189.8
2015-04-23,8193.0,8378.8,8160.4,8265.6
2015-04-24,8247.8,8349.8,8123.8,8327.2
2015-04-27,8368.0,8548.0,8292.0,8347.2
2015-04-28,8308.0,8419.0,8011.6,8147.0
2015-04-29,8138.0,8309.0,8079.0,8302.2
2015-04-30,8320.0,8408.0,8291.2,8338.8
2015-05-04,8370.2,8527.4,8202.4,8347.2
2015-05-05,8334.8,8345.0,8090.0,8145.0
2015-05-06,8168.0,8280.6,7970.0,8040.8
2015-05-07,8020.0,8068.0,7901.0,7911.4
2015-05-08,7933.4,8171.4,7921.0,8171.2
2015-05-11,8170.0,8508.0,8144.0,8489.8
2015-05-12,8499.6,8648.0,8415.4,8647.8
2015-05-13,8595.0,8779.0,8492.0,8695.8
2015-05-14,8530.0,8680.0,8477.6,8603.0
2015-05-15,8610.0,8718.0,8482.0,8579.8
2015-05-18,8640.6,8822.2,8580.0,8798.4
2015-05-19,8805.6,9154.4,8736.2,9120.8
2015-05-20,9121.8,9463.6,9111.2,9286.8
2015-05-21,9311.4,9755.0,9301.0,9734.6
2015-05-22,9783.0,9867.4,9525.0,9741.2
2015-05-25,9610.0,10020.8,9455.4,9966.6
2015-05-26,9988.0,10535.0,9986.2,10532.2
2015-05-27,10598.4,10718.0,10366.0,10552.0
2015-05-28,10580.0,10758.8,9818.0,9977.2
2015-05-29,10126.8,10370.0,9901.0,10121.0
2015-06-01,10170.2,11089.8,10168.0,11025.6
2015-06-02,11058.0,11385.0,10830.0,11250.4
2015-06-03,11281.2,11436.0,10809.0,11103.2
2015-06-04,11127.0,11255.4,10030.0,10869.2
2015-06-05,10900.0,11258.0,10540.0,10949.0
2015-06-08,10840.0,10939.2,10384.2,10602.6
2015-06-09,10599.0,10950.0,10453.0,10700.4
2015-06-10,10608.0,11326.0,10600.0,10987.8
2015-06-11,11094.8,11290.0,10920.2,11258.8
2015-06-12,11293.0,11585.0,11221.8,11427.8
2015-06-15,11461.4,11560.0,11023.0,11228.6
2015-06-16,11238.0,11238.0,10656.2,10839.0
2015-06-17,10837.6,11117.6,10504.4,11033.4
2015-06-18,10998.0,11186.8,10564.4,10585.0
2015-06-19,10535.0,10609.6,9950.0,9990.0
2015-06-23,9977.0,10100.0,9375.2,9862.6
2015-06-24,9888.0,10214.4,9710.8,10058.0
2015-06-25,10101.0,10140.0,9335.0,9381.6
2015-06-26,9380.0,9390.0,8629.0,8629.0
2015-06-29,8788.0,8800.0,7768.4,7768.4
2015-06-30,7768.0,8629.0,7557.0,8346.0
2015-07-01,8396.0,8800.0,7509.4,7509.4
2015-07-02,7910.0,8277.0,7323.8,7667.8
2015-07-03,7718.0,7936.4,7072.4,7404.8
2015-07-06,8167.2,8167.2,6701.6,7440.0
2015-07-07,7303.6,7438.0,6516.2,6516.2
2015-07-08,6202.0,7280.2,5956.6,5956.6
2015-07-09,5956.6,6552.2,5900.0,6552.2
2015-07-10,6894.0,7207.4,6888.0,7207.4
2015-07-13,7500.0,7928.0,7307.4,7569.6
2015-07-14,7749.0,7970.0,7532.0,7645.0
2015-07-15,7613.6,7655.8,7002.0,7136.0
2015-07-16,6800.0,7444.0,6418.8,7226.6
2015-07-17,7224.8,7857.6,7224.8,7857.6
2015-07-20,7920.0,8087.8,7413.2,7589.0
2015-07-21,7587.8,7935.2,7402.2,7715.0
2015-07-22,7715.0,7918.0,7572.2,7773.0
2015-07-23,7802.2,8498.6,7702.2,8386.0
2015-07-24,8414.2,8538.0,7912.4,7980.0
2015-07-27,7978.8,8180.0,7341.4,7341.4
2015-07-28,7198.0,7528.8,7034.0,7221.0
2015-07-29,7300.6,7715.8,6955.2,7702.8
2015-07-30,7700.0,7731.0,7146.0,7232.0
2015-07-31,7275.0,7642.2,7210.0,7399.0
2015-08-03,7335.0,7351.0,6990.0,7065.2
2015-08-04,7088.8,7708.6,7069.2,7657.6
2015-08-05,7677.0,7737.2,7460.0,7486.4
2015-08-06,7415.0,7727.8,7361.0,7545.4
2015-08-07,7600.0,7966.0,7583.8,7851.2
2015-08-10,7855.0,8440.0,7855.0,8330.0
2015-08-11,8356.8,8396.2,8185.2,8200.6
2015-08-12,8202.2,8330.0,8051.0,8082.2
2015-08-13,8100.0,8387.0,8052.6,8345.8
2015-08-14,8388.0,8527.8,8308.0,8397.0
2015-08-17,8406.0,8690.0,8200.0,8659.0
2015-08-18,8689.0,8761.6,7770.2,7802.0
2015-08-19,7422.0,7787.8,7215.6,7710.6
2015-08-20,7720.0,7918.0,7500.2,7557.0
2015-08-21,7500.2,7619.0,7060.0,7207.4
2015-08-24,6953.0,7044.6,6523.6,6523.6
2015-08-25,6249.0,6380.0,5871.4,5871.4
2015-08-26,5869.0,6150.0,5301.2,5400.2
2015-08-27,5700.0,6079.4,5510.0,5928.2
2015-08-28,6101.2,6402.6,5884.0,6402.6
2015-08-31,6387.0,6388.0,5852.0,5961.4
2015-09-01,5960.0,6195.6,5363.2,5373.0
2015-09-02,5277.4,5975.0,5101.8,5377.0
2015-09-07,5650.0,5921.8,5550.0,5795.0
2015-09-08,5806.2,6383.0,5752.6,6383.0
2015-09-09,6428.0,6578.0,6300.0,6369.0
2015-09-10,6318.0,6463.8,6234.2,6319.0
2015-09-11,6330.8,6489.0,6296.2,6420.0
2015-09-14,6498.0,6500.0,5758.2,5758.2
2015-09-15,5749.6,5898.6,5590.2,5663.6
2015-09-16,5710.4,6200.0,5620.0,6050.8
2015-09-17,5858.8,5998.0,5650.0,5699.0
2015-09-18,5768.8,5898.6,5658.0,5830.0
2015-09-21,5750.0,6184.2,5715.0,6170.2
2015-09-22,6168.8,6190.0,6005.0,6077.8
2015-09-23,6080.8,6093.2,5903.0,5980.4
2015-09-24,6000.0,6146.8,5978.0,6100.0
2015-09-25,6098.8,6115.0,5713.0,5787.4
2015-09-28,5848.0,6036.6,5770.0,5994.4
2015-09-29,5950.0,5950.0,5788.2,5914.0
2015-09-30,5955.0,5993.0,5852.0,5917.8
2015-10-08,6220.0,6350.0,6191.8,6195.2
2015-10-09,6230.0,6444.6,6208.8,6406.8
2015-10-12,6458.2,6790.0,6458.2,6642.6
2015-10-13,6613.0,6737.6,6586.4,6688.6
2015-10-14,6645.0,6743.4,6625.6,6645.2
2015-10-15,6400.0,6820.0,6400.0,6814.0
2015-10-16,6825.0,6865.0,6641.2,6779.0
2015-10-19,6797.8,6818.0,6530.0,6685.0
2015-10-20,6685.0,6850.0,6645.6,6850.0
2015-10-21,6814.0,6844.0,6451.0,6478.8
2015-10-22,6520.2,6735.0,6483.0,6666.2
2015-10-23,6706.2,6920.0,6671.0,6908.0
2015-10-26,6944.0,6949.8,6750.0,6865.0
2015-10-27,6824.0,6990.0,6641.2,6903.4
2015-10-28,6910.0,6927.0,6666.8,6683.4
2015-10-29,6712.2,6886.6,6655.0,6782.0
2015-10-30,6801.0,6887.0,6651.0,6783.8
2015-11-02,6641.0,6868.0,6582.6,6668.8
2015-11-03,6696.8,6757.0,6614.8,6656.2
2015-11-04,6700.0,7117.6,6678.8,7090.6
2015-11-05,7066.8,7119.6,6983.2,7066.4
2015-11-06,7068.8,7338.8,7068.0,7293.8
2015-11-09,7270.0,7449.8,7205.2,7353.8
2015-11-10,7330.0,7439.0,7320.2,7394.0
2015-11-11,7388.0,7548.8,7378.0,7545.0
2015-11-12,7540.0,7570.0,7391.0,7519.0
2015-11-13,7476.6,7523.4,7330.0,7468.0
2015-11-16,7345.0,7670.2,7345.0,7638.0
2015-11-17,7660.0,7788.2,7500.8,7547.6
2015-11-18,7557.8,7655.6,7466.0,7499.0
2015-11-19,7227.0,7459.0,7208.6,7435.6
2015-11-20,7439.0,7540.4,7388.8,7442.6
2015-11-23,7400.2,7575.2,7338.8,7356.6
2015-11-24,7350.6,7488.6,7312.6,7471.0
2015-11-25,7478.8,7636.8,7452.6,7631.0
2015-11-26,7646.6,7671.0,7530.0,7531.8
2015-11-27,7540.2,7559.4,6931.0,7092.6
2015-11-30,7092.6,7199.0,6922.0,7118.2
2015-12-01,7125.6,7267.0,7043.0,7137.6
2015-12-02,7143.2,7293.2,6951.0,7280.2
2015-12-03,7252.2,7407.6,7221.2,7377.8
2015-12-04,7307.0,7387.2,7222.0,7315.8
2015-12-07,7346.0,7437.0,7251.2,7339.4
2015-12-08,7311.0,7315.4,7166.6,7230.0
2015-12-09,7231.0,7280.4,7151.0,7212.0
2015-12-10,7195.0,7330.0,7151.8,7170.0
2015-12-11,7189.0,7269.0,7121.0,7227.4
2015-12-14,7167.0,7429.8,7165.0,7422.0
2015-12-15,7403.0,7500.4,7395.0,7446.0
2015-12-16,7468.8,7570.8,7462.2,7492.6
2015-12-17,7268.0,7475.0,7261.6,7461.0
2015-12-18,7450.0,7488.2,7380.8,7487.6
2015-12-21,7468.4,7612.6,7434.4,7585.0
2015-12-22,7604.6,7660.0,7528.8,7650.0
2015-12-23,7661.4,7666.8,7511.2,7516.4
2015-12-24,7532.6,7571.0,7405.8,7533.4
2015-12-25,7552.6,7603.2,7503.0,7595.8
2015-12-28,7546.0,7619.8,7295.2,7305.0
2015-12-29,7333.2,7437.4,7285.0,7418.2
2015-12-30,7442.0,7543.0,7411.2,7511.4
2015-12-31,7529.0,7553.0,7338.0,7349.0
2016-01-04,7350.0,7364.8,6881.2,6881.2
2016-01-05,6650.0,6880.0,6650.0,6699.0
2016-01-06,6749.0,6870.0,6701.0,6814.4
2016-01-07,6745.8,6745.8,6360.0,6360.0
2016-01-08,6520.0,6588.8,6150.0,6399.8
2016-01-11,6248.8,6396.8,5929.8,5940.4
2016-01-12,6040.2,6167.2,5961.0,6074.8
2016-01-13,6126.4,6210.0,5849.4,5904.4
2016-01-14,5438.8,5854.0,5438.8,5800.0
2016-01-15,5782.2,5846.0,5486.8,5570.0
2016-01-18,5555.8,5810.0,5543.2,5695.2
2016-01-19,5721.2,5968.6,5700.0,5928.8
2016-01-20,5876.0,5964.4,5801.0,5835.0
2016-01-21,5849.8,5990.0,5655.0,5679.0
2016-01-22,5780.0,5836.0,5615.8,5779.8
2016-01-25,5815.2,5912.0,5750.6,5800.0
2016-01-26,5750.0,5767.8,5370.8,5401.2
2016-01-27,5450.0,5456.8,5112.2,5280.4
2016-01-28,5250.0,5346.4,5132.0,5155.0
2016-01-29,5177.0,5421.0,5160.2,5329.8
2016-02-01,5339.0,5394.4,5212.6,5323.0
2016-02-02,5334.0,5546.8,5330.8,5523.6
2016-02-03,5470.0,5584.0,5411.0,5556.8
2016-02-04,5600.0,5719.2,5600.0,5695.0
2016-02-05,5683.0,5708.8,5611.0,5617.0
2016-02-15,5531.8,5675.0,5461.0,5651.4
2016-02-16,5689.0,5908.0,5681.0,5881.0
2016-02-17,5870.0,5969.0,5836.0,5947.0
2016-02-18,5807.0,5857.0,5742.6,5746.0
2016-02-19,5737.0,5836.2,5722.4,5767.8
2016-02-22,5815.2,5924.8,5803.6,5869.2
2016-02-23,5861.2,5885.6,5760.0,5845.0
2016-02-24,5828.8,5922.6,5720.0,5881.8
2016-02-25,5880.8,5898.6,5300.0,5361.0
2016-02-26,5433.6,5496.8,5333.0,5417.8
2016-02-29,5399.8,5407.8,5036.0,5075.2
2016-03-01,5075.6,5288.0,5072.6,5227.4
2016-03-02,5260.2,5625.0,5251.2,5587.8
2016-03-03,5588.0,5736.0,5582.0,5603.8
2016-03-04,5603.8,5671.0,5383.0,5452.0
2016-03-07,5567.0,5717.6,5515.8,5595.0
2016-03-08,5511.0,5677.0,5365.0,5661.0
2016-03-09,5551.8,5607.0,5461.0,5500.0
2016-03-10,5548.0,5598.8,5371.0,5396.0
2016-03-11,5351.0,5478.6,5321.0,5413.2
2016-03-14,5560.0,5738.0,5515.4,5629.6
2016-03-15,5627.0,5678.8,5571.4,5608.0
2016-03-16,5700.0,5711.0,5482.8,5565.4
2016-03-17,5428.0,5608.0,5360.2,5577.6
2016-03-18,5612.0,5847.0,5603.0,5799.6
2016-03-21,5870.4,5957.0,5845.2,5929.8
2016-03-22,5881.6,5989.8,5865.4,5921.6
2016-03-23,5920.0,5975.6,5868.4,5949.2
2016-03-24,5900.8,5963.2,5832.2,5843.4
2016-03-25,5860.0,5945.0,5845.4,5910.4
2016-03-28,5965.6,6065.0,5838.0,5857.0
2016-03-29,5860.2,5884.4,5720.0,5788.8
2016-03-30,5868.0,6033.6,5827.0,6020.8
2016-03-31,6033.2,6085.2,6013.8,6020.0
2016-04-01,6000.4,6030.0,5863.2,6028.0
2016-04-05,6006.0,6240.8,5993.6,6190.4
2016-04-06,6190.4,6237.6,6172.0,6223.4
2016-04-07,6248.4,6284.4,6139.6,6156.0
2016-04-08,6138.2,6138.2,6030.2,6114.2
2016-04-11,6170.0,6316.2,6170.0,6237.0
2016-04-12,6230.0,6266.4,6140.8,6239.8
2016-04-13,6300.0,6427.8,6283.6,6306.0
2016-04-14,6180.0,6228.0,6141.2,6214.6
2016-04-15,6225.0,6238.8,6147.0,6214.6
2016-04-18,6152.0,6160.0,6026.0,6093.2
2016-04-19,6160.2,6174.2,6056.2,6102.6
2016-04-20,6148.8,6161.8,5721.2,5791.2
2016-04-21,5800.4,5916.0,5767.0,5788.4
2016-04-22,5741.0,5850.0,5727.8,5850.0
2016-04-25,5808.8,5824.2,5686.6,5815.4
2016-04-26,5825.6,5896.8,5765.6,5885.0
2016-04-27,5897.6,5934.4,5834.0,5865.8
2016-04-28,5881.4,5884.8,5725.4,5833.0
2016-04-29,5809.8,5890.0,5798.0,5844.8
2016-05-03,5863.0,6090.0,5800.6,6085.0
2016-05-04,6060.0,6110.0,6040.0,6062.8
2016-05-05,6053.8,6138.0,6042.0,6132.8
2016-05-06,6111.0,6156.4,5883.0,5887.8
2016-05-09,5830.0,5837.0,5633.2,5652.8
2016-05-10,5679.0,5705.6,5636.6,5650.0
2016-05-11,5711.0,5749.8,5613.6,5640.4
2016-05-12,5600.0,5682.0,5505.6,5670.0
2016-05-13,5649.0,5766.0,5620.0,5659.2
2016-05-16,5641.0,5785.0,5621.0,5772.2
2016-05-17,5784.2,5827.0,5715.2,5779.2
2016-05-18,5570.0,5570.0,5400.0,5460.2
2016-05-19,5449.8,5579.8,5449.8,5469.0
2016-05-20,5431.0,5586.2,5422.6,5562.8
2016-05-23,5586.6,5685.0,5586.6,5635.2
2016-05-24,5633.8,5646.4,5541.8,5598.6
2016-05-25,5665.0,5680.0,5550.0,5556.0
2016-05-26,5551.0,5627.8,5462.4,5627.8
2016-05-27,5617.8,5664.0,5574.0,5630.6
2016-05-30,5589.0,5676.8,5520.0,5611.0
2016-05-31,5630.0,5927.8,5630.0,5923.2
2016-06-01,5925.0,5965.6,5892.0,5899.8
2016-06-02,5908.0,5946.8,5896.2,5937.8
2016-06-03,5950.0,6019.4,5908.4,6003.6
2016-06-06,6020.0,6037.4,5956.2,5974.0
2016-06-07,5983.0,6017.6,5947.4,6016.6
2016-06-08,5998.0,6027.0,5931.6,5995.8
2016-06-13,5910.0,5977.8,5721.0,5732.0
2016-06-14,5740.0,5774.0,5689.0,5723.4
2016-06-15,5688.0,5963.8,5678.8,5920.0
2016-06-16,5820.0,5849.8,5766.4,5788.8
2016-06-17,5820.4,5916.0,5780.0,5810.6
2016-06-20,5820.0,5864.4,5725.2,5848.2
2016-06-21,5900.0,5969.6,5735.4,5777.6
2016-06-22,5759.8,5922.2,5756.6,5922.0
2016-06-23,5910.0,5918.0,5822.2,5888.0
2016-06-24,5871.0,5935.8,5653.6,5787.0
2016-06-27,5810.2,5977.4,5806.0,5965.2
2016-06-28,5945.0,6045.0,5924.4,6037.0
2016-06-29,6067.0,6077.0,6010.0,6050.4
2016-06-30,6045.0,6062.2,6021.2,6051.6
2016-07-01,6060.0,6107.0,6013.6,6039.8
2016-07-04,6011.0,6201.0,6011.0,6159.6
2016-07-05,6163.6,6219.8,6162.2,6202.4
2016-07-06,6193.4,6256.6,6165.8,6226.6
2016-07-07,6237.4,6293.8,6178.4,6279.4
2016-07-08,6261.4,6299.0,6226.0,6265.0
2016-07-11,6289.6,6356.8,6245.0,6248.0
2016-07-12,6261.2,6376.6,6220.2,6368.6
2016-07-13,6394.2,6453.0,6363.2,6416.4
2016-07-14,6320.4,6342.2,6300.0,6336.8
2016-07-15,6353.0,6368.6,6275.0,6319.0
2016-07-18,6298.6,6338.0,6252.2,6266.0
2016-07-19,6281.6,6299.6,6218.2,6272.8
2016-07-20,6294.0,6337.6,6263.8,6265.4
2016-07-21,6276.8,6378.0,6272.2,6310.0
2016-07-22,6299.0,6332.4,6259.0,6272.6
2016-07-25,6256.0,6326.0,6248.0,6290.4
2016-07-26,6286.2,6396.8,6286.2,6393.4
2016-07-27,6395.2,6416.4,6042.2,6104.2
2016-07-28,6120.2,6160.4,6060.2,6125.6
2016-07-29,6142.0,6154.4,6081.0,6103.0
2016-08-01,6088.0,6104.0,5960.2,6028.2
2016-08-02,6055.6,6100.0,6029.4,6083.0
2016-08-03,6072.8,6124.8,6063.0,6102.6
2016-08-04,6109.8,6166.6,6086.4,6164.8
2016-08-05,6155.8,6169.6,6128.8,6147.2
2016-08-08,6144.4,6248.6,6088.4,6248.2
2016-08-09,6247.8,6302.8,6237.4,6297.2
2016-08-10,6295.8,6321.4,6274.4,6286.2
2016-08-11,6279.6,6286.0,6193.0,6196.0
2016-08-12,6200.0,6295.6,6177.0,6260.4
2016-08-15,6285.2,6455.4,6263.0,6405.2
2016-08-16,6425.0,6480.0,6425.0,6458.2
2016-08-17,6384.6,6398.0,6348.6,6379.2
2016-08-18,6366.4,6424.0,6326.4,6379.8
2016-08-19,6386.2,6419.8,6345.0,6385.6
2016-08-22,6391.2,6428.0,6306.2,6320.6
2016-08-23,6334.8,6360.4,6234.2,6308.6
2016-08-24,6336.8,6364.4,6295.6,6314.2
2016-08-25,6279.8,6285.0,6188.0,6280.0
2016-08-26,6305.8,6379.4,6262.0,6279.2
2016-08-29,6279.2,6347.4,6279.0,6327.2
2016-08-30,6329.0,6377.0,6300.0,6330.0
2016-08-31,6326.8,6349.6,6272.0,6343.0
2016-09-01,6340.0,6357.0,6265.8,6279.0
2016-09-02,6273.2,6333.4,6251.0,6271.0
2016-09-05,6302.6,6357.0,6296.8,6309.2
2016-09-06,6312.8,6449.8,6251.0,6445.8
2016-09-07,6452.0,6477.0,6423.0,6429.0
2016-09-08,6430.0,6482.2,6430.0,6477.2
2016-09-09,6475.0,6487.2,6440.4,6445.0
2016-09-12,6340.0,6355.2,6252.6,6256.0
2016-09-13,6298.2,6313.0,6277.0,6292.2
2016-09-14,6157.2,6199.0,6153.8,6157.4
2016-09-19,6180.2,6228.8,6180.2,6223.8
2016-09-20,6223.6,6232.0,6200.4,6217.6
2016-09-21,6228.0,6268.0,6218.0,6248.2
2016-09-22,6280.0,6332.8,6280.0,6293.2
2016-09-23,6316.2,6316.2,6286.0,6298.6
2016-09-26,6288.6,6298.6,6185.2,6201.2
2016-09-27,6238.8,6251.0,6172.0,6245.6
2016-09-28,6248.6,6258.0,6222.2,6240.2
2016-09-29,6254.8,6314.0,6247.6,6299.8
2016-09-30,6289.4,6325.2,6283.2,6318.6
2016-10-10,6348.8,6449.6,6168.0,6444.6
2016-10-11,6446.4,6461.8,6435.0,6454.8
2016-10-12,6442.0,6463.4,6435.8,6448.2
2016-10-13,6457.8,6484.4,6442.2,6462.0
2016-10-14,6461.6,6474.0,6410.0,6467.0
2016-10-17,6482.0,6496.8,6376.2,6418.0
2016-10-18,6419.4,6516.0,6415.4,6505.4
2016-10-19,6510.2,6534.4,6479.0,6491.2
2016-10-20,6400.6,6426.6,6393.0,6418.0
2016-10-21,6416.0,6432.0,6342.6,6396.6
2016-10-24,6428.8,6506.6,6401.2,6471.4
2016-10-25,6488.0,6495.8,6475.4,6487.0
2016-10-26,6488.0,6488.0,6438.8,6471.0
2016-10-27,6471.0,6474.0,6423.4,6458.2
2016-10-28,6458.6,6485.0,6395.4,6411.0
2016-10-31,6403.8,6413.0,6360.4,6407.6
2016-11-01,6410.0,6473.6,6403.8,6465.0
2016-11-02,6455.0,6461.0,6397.4,6400.0
2016-11-03,6396.6,6493.4,6392.4,6435.0
2016-11-04,6435.0,6477.8,6406.4,6419.6
2016-11-07,6438.8,6454.0,6398.0,6409.0
2016-11-08,6434.0,6488.0,6425.0,6469.0
2016-11-09,6467.4,6475.8,6307.2,6405.0
2016-11-10,6473.0,6517.6,6472.0,6499.0
2016-11-11,6496.8,6573.6,6485.0,6563.0
2016-11-14,6552.6,6618.0,6547.2,6586.6
2016-11-15,6532.8,6532.8,6493.2,6519.2
2016-11-16,6539.4,6552.8,6522.2,6538.4
2016-11-17,6520.4,6547.0,6480.0,6547.0
2016-11-18,6549.8,6549.8,6492.0,6506.8
2016-11-21,6511.2,6573.2,6502.0,6523.2
2016-11-22,6535.2,6593.6,6531.0,6593.6
2016-11-23,6615.0,6615.0,6550.2,6561.8
2016-11-24,6568.4,6574.6,6531.8,6547.6
2016-11-25,6541.0,6586.6,6449.0,6564.8
2016-11-28,6595.8,6617.8,6553.2,6596.4
2016-11-29,6588.0,6608.8,6530.2,6556.8
2016-11-30,6543.0,6589.0,6506.4,6531.2
2016-12-01,6540.2,6592.2,6533.0,6572.0
2016-12-02,6550.2,6563.0,6430.2,6433.0
2016-12-05,6395.0,6492.0,6388.0,6430.0
2016-12-06,6451.6,6479.8,6421.6,6431.4
2016-12-07,6443.0,6499.6,6417.6,6488.6
2016-12-08,6491.2,6505.0,6475.0,6488.8
2016-12-09,6470.0,6499.8,6456.0,6456.0
2016-12-12,6459.2,6492.6,6156.6,6174.6
2016-12-13,6188.6,6253.2,6161.6,6231.0
2016-12-14,6231.0,6292.0,6197.0,6224.0
2016-12-15,6086.4,6197.0,6074.8,6150.2
2016-12-16,6148.4,6221.0,6148.4,6204.4
2016-12-19,6204.0,6209.4,6153.2,6198.0
2016-12-20,6190.4,6216.4,6164.2,6183.8
2016-12-21,6200.4,6264.0,6200.4,6256.6
2016-12-22,6249.4,6254.6,6187.8,6235.0
2016-12-23,6230.2,6235.0,6170.2,6209.8
2016-12-26,6181.6,6226.8,6114.6,6219.8
2016-12-27,6216.0,6237.6,6212.0,6216.0
2016-12-28,6224.8,6232.6,6186.4,6218.0
2016-12-29,6214.8,6250.8,6184.4,6215.8
2016-12-30,6225.0,6247.0,6191.2,6210.6
2017-01-03,6242.0,6297.0,6225.2,6275.8
2017-01-04,6275.8,6372.0,6267.0,6367.0
2017-01-05,6362.0,6371.8,6347.0,6359.0
2017-01-06,6357.6,6366.0,6321.2,6339.0
2017-01-09,6336.0,6382.6,6328.0,6373.8
2017-01-10,6375.0,6388.6,6343.2,6344.6
2017-01-11,6339.2,6382.2,6295.0,6297.6
2017-01-12,6302.4,6321.2,6233.0,6238.4
2017-01-13,6245.2,6267.4,6170.8,6178.4
2017-01-16,6171.8,6190.0,5874.8,6011.4
2017-01-17,5998.0,6070.0,5956.8,6065.0
2017-01-18,6059.0,6105.0,6038.0,6073.8
2017-01-19,5984.6,6018.4,5951.2,5995.0
2017-01-20,5988.0,6108.0,5983.0,6082.8
2017-01-23,6095.0,6157.6,6095.0,6114.2
2017-01-24,6109.8,6129.6,6090.4,6123.0
2017-01-25,6102.4,6158.0,6091.6,6155.0
2017-01-26,6162.8,6197.6,6152.6,6188.8
2017-02-03,6190.0,6199.8,6079.6,6165.0
2017-02-06,6171.2,6207.2,6147.8,6199.6
2017-02-07,6200.0,6218.6,6163.0,6187.4
2017-02-08,6180.0,6261.8,6166.0,6246.6
2017-02-09,6248.0,6299.0,6244.6,6284.8
2017-02-10,6288.0,6306.8,6269.0,6294.2
2017-02-13,6295.2,6348.4,6284.2,6330.2
2017-02-14,6252.6,6259.4,6225.4,6253.0
2017-02-15,6249.8,6266.2,6194.0,6200.2
2017-02-16,6200.2,6263.8,6198.8,6260.4
2017-02-17,6295.8,6295.8,6200.0,6213.0
2017-02-20,6220.2,6315.0,6218.4,6313.8
2017-02-21,6311.0,6361.4,6302.4,6341.0
2017-02-22,6348.0,6395.2,6338.0,6389.6
2017-02-23,6389.4,6407.0,6348.4,6397.6
2017-02-24,6390.4,6413.0,6375.4,6410.6
2017-02-27,6410.0,6410.0,6332.2,6348.0
2017-02-28,6350.2,6387.8,6347.2,6376.4
2017-03-01,6375.8,6444.0,6363.6,6397.8
2017-03-02,6416.8,6423.8,6362.2,6390.0
2017-03-03,6379.8,6418.0,6346.2,6393.0
2017-03-06,6404.8,6479.8,6403.4,6459.8
2017-03-07,6463.8,6469.6,6433.6,6465.0
2017-03-08,6466.0,6466.0,6427.4,6449.6
2017-03-09,6436.0,6442.4,6361.2,6390.8
2017-03-10,6397.8,6429.8,6392.4,6410.4
2017-03-13,6404.8,6489.8,6365.4,6484.6
2017-03-14,6487.2,6503.8,6461.0,6470.0
2017-03-15,6464.6,6486.0,6455.4,6466.4
2017-03-16,6398.2,6474.4,6398.2,6469.4
2017-03-17,6485.0,6553.0,6393.0,6410.0
2017-03-20,6423.6,6434.4,6385.0,6427.0
2017-03-21,6426.6,6445.0,6403.4,6445.0
2017-03-22,6415.8,6442.4,6372.8,6428.8
2017-03-23,6441.0,6477.4,6382.0,6450.0
2017-03-24,6451.4,6535.0,6445.8,6527.8
2017-03-27,6533.4,6534.0,6466.4,6480.6
2017-03-28,6485.0,6496.0,6453.2,6467.2
2017-03-29,6470.0,6491.8,6406.4,6443.6
2017-03-30,6438.0,6454.6,6354.0,6366.4
2017-03-31,6378.6,6394.2,6352.6,6380.2
2017-04-05,6418.0,6545.0,6418.0,6538.6
2017-04-06,6547.0,6548.4,6514.0,6536.0
2017-04-07,6528.8,6578.0,6510.2,6556.0
2017-04-10,6551.2,6569.4,6537.4,6546.0
2017-04-11,6549.0,6618.4,6509.0,6602.2
2017-04-12,6608.8,6609.8,6547.8,6555.8
2017-04-13,6550.2,6627.8,6550.2,6610.0
2017-04-14,6605.0,6608.4,6503.2,6518.8
2017-04-17,6505.2,6516.0,6425.4,6443.2
2017-04-18,6455.0,6484.6,6418.0,6422.2
2017-04-19,6400.0,6408.6,6284.0,6346.6
2017-04-20,6317.2,6344.6,6275.0,6312.2
2017-04-21,6316.8,6340.6,6252.0,6260.2
2017-04-24,6244.8,6257.0,6106.0,6108.4
2017-04-25,6129.2,6182.4,6115.6,6128.0
2017-04-26,6128.0,6176.0,6128.0,6142.0
2017-04-27,6129.0,6180.4,6026.0,6160.0
2017-04-28,6155.0,6188.0,6148.4,6180.4
2017-05-02,6180.0,6187.4,6153.0,6176.0
2017-05-03,6175.0,6207.6,6136.0,6156.2
2017-05-04,6147.8,6217.4,6121.0,6123.6
2017-05-05,6113.8,6141.0,6047.0,6057.8
2017-05-08,6050.2,6069.8,5945.2,5951.2
2017-05-09,5950.0,5998.4,5907.8,5987.0
2017-05-10,5993.2,6016.0,5839.6,5842.2
2017-05-11,5826.0,5872.0,5706.0,5827.2
2017-05-12,5834.0,5857.6,5786.8,5827.2
2017-05-15,5852.6,5914.0,5852.6,5876.8
2017-05-16,5819.8,5983.0,5768.2,5973.6
2017-05-17,5967.6,6021.4,5963.2,5981.6
2017-05-18,5940.0,6007.8,5908.0,5920.0
2017-05-19,5930.0,5953.0,5884.0,5913.6
2017-05-22,5918.8,5953.4,5804.0,5828.6
2017-05-23,5828.6,5854.8,5710.0,5716.0
2017-05-24,5700.0,5773.0,5641.2,5759.0
2017-05-25,5757.2,5861.8,5691.0,5810.6
2017-05-26,5814.0,5864.0,5797.2,5814.6
2017-05-31,5891.0,5924.6,5762.6,5772.6
2017-06-01,5748.0,5796.0,5658.2,5667.0
2017-06-02,5662.8,5774.2,5613.6,5753.2
2017-06-05,5779.4,5824.8,5761.8,5775.0
2017-06-06,5773.0,5834.8,5767.2,5807.2
2017-06-07,5810.2,5956.4,5810.2,5952.0
2017-06-08,5949.0,5958.2,5914.8,5940.0
2017-06-09,5930.6,5974.4,5900.2,5964.4
2017-06-12,5935.0,5938.0,5876.6,5882.2
2017-06-13,5882.2,5992.0,5880.4,5955.4
2017-06-14,5963.0,5987.8,5948.2,5956.6
2017-06-15,5915.0,5988.6,5915.0,5964.2
2017-06-16,5969.0,5980.0,5945.4,5957.6
2017-06-19,5958.4,6023.2,5951.0,6006.0
2017-06-20,6016.0,6063.4,6007.6,6029.4
2017-06-21,6029.2,6038.2,5977.0,6034.0
2017-06-22,6029.8,6067.0,5936.0,5944.8
2017-06-23,5950.2,5975.8,5861.2,5953.2
2017-06-26,5978.6,6093.0,5957.4,6085.8
2017-06-27,6088.2,6099.6,6043.2,6061.0
2017-06-28,6055.0,6078.6,6026.4,6048.0
2017-06-29,6064.8,6113.4,6056.0,6074.4
2017-06-30,6056.0,6115.8,6043.2,6097.2
2017-07-03,6102.8,6152.4,6086.0,6146.0
2017-07-04,6147.2,6147.6,6090.8,6119.0
2017-07-05,6114.0,6170.8,6100.8,6161.4
2017-07-06,6162.2,6187.2,6106.6,6146.4
2017-07-07,6137.4,6208.2,6133.6,6183.2
2017-07-10,6177.6,6209.6,6144.2,6165.0
2017-07-11,6173.0,6173.0,6092.2,6108.4
2017-07-12,6117.4,6123.8,6013.8,6085.4
2017-07-13,6100.0,6152.6,6080.4,6108.2
2017-07-14,6101.4,6125.0,6065.4,6093.4
2017-07-17,6080.8,6090.0,5821.2,5825.6
2017-07-18,5825.0,5903.6,5818.0,5899.0
2017-07-19,5898.8,6045.0,5883.0,6033.2
2017-07-20,5986.0,6049.8,5979.6,6013.6
2017-07-21,6017.0,6061.8,6001.0,6041.2
2017-07-24,6044.2,6117.2,6031.0,6083.8
2017-07-25,6085.4,6097.4,6023.8,6081.2
2017-07-26,6099.0,6099.8,6033.4,6070.0
2017-07-27,6065.6,6148.8,6014.8,6129.4
2017-07-28,6120.0,6195.0,6115.2,6185.2
2017-07-31,6181.2,6277.2,6155.6,6265.6
2017-08-01,6266.2,6272.0,6223.4,6247.6
2017-08-02,6258.0,6288.8,6205.0,6225.4
2017-08-03,6215.6,6280.0,6208.0,6233.8
2017-08-04,6235.4,6279.6,6180.2,6185.2
2017-08-07,6205.0,6284.0,6191.8,6280.0
2017-08-08,6280.0,6306.6,6253.6,6272.2
2017-08-09,6270.0,6333.0,6265.0,6317.4
2017-08-10,6296.0,6323.2,6213.6,6251.0
2017-08-11,6231.2,6268.2,6118.2,6139.2
2017-08-14,6159.0,6288.2,6155.0,6286.4
2017-08-15,6283.2,6311.8,6265.8,6292.8
2017-08-16,6248.8,6271.6,6204.0,6259.8
2017-08-17,6277.2,6325.0,6245.0,6319.4
2017-08-18,6295.2,6317.4,6272.2,6286.6
2017-08-21,6300.4,6369.8,6300.2,6358.8
2017-08-22,6361.4,6361.4,6311.2,6336.0
2017-08-23,6330.0,6343.0,6245.8,6285.2
2017-08-24,6295.2,6306.0,6238.0,6248.6
2017-08-25,6254.6,6354.2,6254.4,6327.2
2017-08-28,6340.4,6455.2,6331.4,6417.8
2017-08-29,6418.0,6436.0,6368.4,6389.8
2017-08-30,6391.2,6459.8,6386.0,6433.6
2017-08-31,6441.4,6474.6,6423.0,6464.2
2017-09-01,6474.4,6548.0,6444.8,6528.6
2017-09-04,6536.2,6561.0,6510.8,6548.6
2017-09-05,6548.8,6576.0,6516.4,6569.2
2017-09-06,6554.8,6612.0,6544.0,6593.6
2017-09-07,6595.2,6616.0,6535.8,6549.4
2017-09-08,6556.6,6613.2,6522.0,6553.2
2017-09-11,6562.0,6662.2,6556.2,6661.8
2017-09-12,6671.2,6727.8,6616.8,6646.6
2017-09-13,6641.4,6690.6,6622.4,6681.6
2017-09-14,6634.8,6670.8,6611.2,6639.4
2017-09-15,6632.2,6635.0,6554.0,6588.0
2017-09-18,6577.0,6678.6,6577.0,6678.4
2017-09-19,6684.8,6695.6,6579.2,6600.6
2017-09-20,6606.2,6687.0,6589.6,6668.6
2017-09-21,6673.8,6678.0,6574.0,6594.6
2017-09-22,6583.4,6585.4,6492.6,6532.2
2017-09-25,6536.2,6555.2,6433.6,6440.8
2017-09-26,6450.2,6499.8,6450.0,6485.0
2017-09-27,6495.8,6583.8,6495.0,6560.0
2017-09-28,6559.6,6598.0,6515.6,6552.0
2017-09-29,6564.8,6620.0,6546.6,6598.2
2017-10-09,6699.0,6715.0,6644.4,6684.2
2017-10-10,6690.2,6718.4,6656.0,6717.0
2017-10-11,6726.0,6729.0,6646.2,6660.8
2017-10-12,6656.8,6674.6,6603.4,6650.2
2017-10-13,6661.0,6722.6,6655.4,6722.0
2017-10-16,6728.0,6728.0,6600.0,6606.6
2017-10-17,6600.0,6652.6,6584.4,6591.8
2017-10-18,6598.2,6627.8,6531.2,6542.8
2017-10-19,6505.2,6525.0,6445.4,6460.0
2017-10-20,6460.0,6544.0,6460.0,6530.0
2017-10-23,6536.8,6584.6,6520.2,6576.2
2017-10-24,6570.0,6574.2,6495.8,6560.8
2017-10-25,6565.0,6618.2,6526.0,6599.8
2017-10-26,6599.8,6671.4,6570.2,6622.6
2017-10-27,6625.4,6638.8,6566.0,6601.4
2017-10-30,6600.0,6607.0,6409.0,6468.2
2017-10-31,6468.0,6524.8,6446.6,6507.6
2017-11-01,6520.0,6563.6,6476.4,6481.0
2017-11-02,6480.4,6490.4,6403.0,6440.0
2017-11-03,6440.0,6463.0,6320.0,6362.0
2017-11-06,6380.0,6481.2,6357.2,6475.0
2017-11-07,6479.8,6519.6,6452.4,6514.4
2017-11-08,6515.0,6588.0,6504.6,6541.0
2017-11-09,6540.6,6602.0,6536.0,6600.4
2017-11-10,6594.8,6643.8,6571.6,6619.6
2017-11-13,6627.0,6666.4,6601.0,6654.0
2017-11-14,6642.0,6658.6,6575.8,6591.2
2017-11-15,6541.2,6551.8,6452.0,6481.8
2017-11-16,6483.0,6529.8,6472.2,6506.8
2017-11-17,6515.0,6519.8,6305.0,6323.6
2017-11-20,6325.2,6404.8,6220.0,6389.6
2017-11-21,6389.2,6444.6,6348.0,6418.0
2017-11-22,6430.0,6478.4,6342.4,6375.2
2017-11-23,6385.2,6398.8,6206.6,6208.2
2017-11-24,6208.2,6289.2,6200.0,6227.0
2017-11-27,6242.8,6263.2,6131.4,6136.0
2017-11-28,6147.4,6276.8,6147.4,6262.4
2017-11-29,6255.0,6320.0,6176.8,6273.2
2017-11-30,6260.0,6290.8,6190.8,6200.0
2017-12-01,6218.8,6324.2,6215.0,6279.0
2017-12-04,6279.0,6329.0,6217.6,6233.8
2017-12-05,6226.4,6247.8,6061.4,6098.0
2017-12-06,6103.0,6140.4,6026.0,6132.0
2017-12-07,6129.0,6169.8,6082.4,6085.6
2017-12-08,6088.6,6214.8,6088.6,6174.0
2017-12-11,6198.2,6273.0,6198.2,6270.6
2017-12-12,6260.0,6281.8,6217.2,6226.8
2017-12-13,6233.0,6274.6,6201.6,6273.8
2017-12-14,6246.6,6261.0,6198.4,6251.8
2017-12-15,6259.0,6260.2,6145.8,6207.0
2017-12-18,6216.0,6227.6,6135.2,6161.8
2017-12-19,6177.6,6246.6,6170.6,6234.0
2017-12-20,6230.4,6238.6,6150.0,6158.4
2017-12-21,6160.0,6269.0,6107.2,6227.0
2017-12-22,6234.0,6276.6,6223.2,6243.2
2017-12-25,6245.4,6265.6,6142.6,6162.0
2017-12-26,6163.0,6234.6,6132.2,6219.4
2017-12-27,6230.0,6233.8,6147.8,6156.2
2017-12-28,6145.0,6242.8,6145.0,6206.0
2017-12-29,6206.0,6305.0,6205.2,6280.8
2018-01-02,6293.0,6355.0,6266.6,6345.0
2018-01-03,6350.0,6411.4,6336.4,6388.2
2018-01-04,6375.0,6414.8,6375.0,6406.8
2018-01-05,6407.2,6429.2,6383.6,6400.8
2018-01-08,6400.8,6443.6,6378.6,6433.0
2018-01-09,6433.0,6437.6,6402.2,6435.0
2018-01-10,6427.0,6436.2,6360.0,6406.6
2018-01-11,6384.8,6443.0,6372.2,6423.2
2018-01-12,6419.8,6428.2,6372.8,6401.2
2018-01-15,6393.2,6396.0,6242.2,6273.0
2018-01-16,6261.2,6317.8,6261.2,6285.6
2018-01-17,6279.6,6299.2,6193.2,6250.0
2018-01-18,6223.6,6288.0,6217.8,6259.8
2018-01-19,6268.0,6304.2,6223.0,6232.0
2018-01-22,6234.8,6359.8,6200.8,6348.6
2018-01-23,6346.8,6377.0,6323.6,6345.8
2018-01-24,6350.0,6430.0,6326.6,6409.6
2018-01-25,6395.0,6449.6,6382.0,6387.0
2018-01-26,6387.0,6413.8,6377.0,6397.0
2018-01-29,6396.8,6430.4,6287.2,6312.2
2018-01-30,6307.8,6346.0,6291.4,6302.8
2018-01-31,6280.0,6285.0,6156.6,6186.6
2018-02-01,6189.8,6212.0,5961.4,5970.0
2018-02-02,5959.4,6018.6,5832.6,5986.2
2018-02-05,5930.0,6015.8,5916.4,5979.8
2018-02-06,5913.0,5933.2,5651.8,5686.8
2018-02-07,5805.2,5837.0,5606.8,5663.0
2018-02-08,5689.0,5804.8,5680.0,5747.0
2018-02-09,5619.0,5658.8,5435.0,5486.2
2018-02-12,5528.0,5698.0,5528.0,5637.8
2018-02-13,5670.2,5758.0,5668.2,5688.0
2018-02-14,5680.0,5715.0,5660.0,5708.0
2018-02-22,5780.0,5836.0,5738.8,5825.0
2018-02-23,5830.0,5853.4,5777.0,5833.4
2018-02-26,5876.6,6013.8,5865.0,6004.6
2018-02-27,5998.0,6022.6,5965.0,5979.6
2018-02-28,5953.6,6026.0,5918.2,5983.4
2018-03-01,5957.8,6074.4,5941.2,6057.8
2018-03-02,6019.8,6068.0,6005.0,6035.2
2018-03-05,6050.2,6066.4,5970.2,6019.2
2018-03-06,6035.8,6116.0,6025.2,6111.8
2018-03-07,6095.0,6106.0,6023.6,6031.0
2018-03-08,6049.0,6107.6,6039.0,6095.4
2018-03-09,6108.8,6207.8,6096.4,6198.8
2018-03-12,6233.0,6295.8,6225.6,6275.4
2018-03-13,6274.6,6284.6,6233.2,6241.0
2018-03-14,6234.4,6253.8,6157.4,6177.0
2018-03-15,6119.2,6173.0,6055.6,6124.6
2018-03-16,6124.6,6159.8,6067.6,6084.6
2018-03-19,6088.0,6158.6,6044.2,6080.4
2018-03-20,6050.0,6138.4,6022.6,6103.2
2018-03-21,6123.4,6185.2,6028.0,6040.0
2018-03-22,6075.0,6097.0,6000.2,6037.4
2018-03-23,5871.0,5930.0,5630.2,5665.6
2018-03-26,5681.0,5855.8,5632.0,5846.0
2018-03-27,5907.0,6013.4,5899.6,6005.6
2018-03-28,5934.0,5977.4,5891.4,5915.2
2018-03-29,5951.2,6018.8,5890.2,6012.0
2018-03-30,6022.0,6105.0,6017.4,6101.0
2018-04-02,6129.8,6157.8,6060.6,6075.0
2018-04-03,6001.0,6048.8,5953.0,6023.4
2018-04-04,6055.0,6081.8,5950.2,5976.0
2018-04-09,5986.4,6049.0,5919.2,5981.8
2018-04-10,6000.0,6050.0,5950.6,6048.0
2018-04-11,6078.6,6098.4,6047.4,6055.0
2018-04-12,6047.4,6083.8,6003.2,6022.8
2018-04-13,6060.2,6080.0,5982.6,6010.0
2018-04-16,6018.8,6052.2,5934.0,5989.0
2018-04-17,6008.8,6028.8,5856.4,5888.0
2018-04-18,5936.6,5996.2,5812.2,5951.0
2018-04-19,5915.2,6018.8,5912.2,5950.0
2018-04-20,5939.8,5950.4,5802.0,5837.0
2018-04-23,5852.2,5881.6,5692.0,5779.2
2018-04-24,5781.4,5935.8,5781.4,5913.2
2018-04-25,5895.0,5933.0,5882.2,5913.0
2018-04-26,5908.0,5928.4,5796.0,5806.4
2018-04-27,5836.0,5855.6,5769.2,5852.2
2018-05-02,5860.2,5887.4,5781.0,5827.8
2018-05-03,5815.0,5919.4,5744.0,5892.4
2018-05-04,5887.2,5921.8,5861.4,5881.0
2018-05-07,5911.0,6024.6,5891.2,6001.0
2018-05-08,6018.0,6033.8,5992.4,6028.6
2018-05-09,6027.6,6041.8,5983.0,6011.0
2018-05-10,6020.0,6054.0,5973.8,6036.4
2018-05-11,6039.6,6047.4,5980.6,5993.0
2018-05-14,5999.0,6020.2,5939.8,5964.0
2018-05-15,5976.6,6026.2,5948.8,6020.0
2018-05-16,5964.0,5999.8,5949.0,5966.0
2018-05-17,5966.0,5978.6,5916.0,5925.0
2018-05-18,5925.0,5980.0,5884.6,5975.2
2018-05-21,6015.0,6069.0,6013.6,6027.4
2018-05-22,6028.2,6072.8,6020.2,6066.0
2018-05-23,6060.0,6060.0,5975.2,5992.4
2018-05-24,5995.2,6008.0,5950.2,5966.8
2018-05-25,5961.2,5966.6,5863.4,5874.8
2018-05-28,5883.6,5928.4,5836.4,5878.4
2018-05-29,5871.0,5908.8,5791.0,5794.4
2018-05-30,5743.2,5748.8,5645.0,5653.2
2018-05-31,5698.0,5749.6,5652.0,5738.0
2018-06-01,5717.8,5729.6,5621.2,5664.0
2018-06-04,5682.0,5693.8,5628.8,5671.0
2018-06-05,5672.4,5774.6,5672.4,5770.2
2018-06-06,5773.2,5773.2,5725.8,5765.6
2018-06-07,5779.8,5799.0,5707.0,5732.0
2018-06-08,5721.8,5726.8,5608.4,5658.6
2018-06-11,5645.0,5678.8,5588.0,5639.2
2018-06-12,5642.4,5704.8,5592.6,5686.8
2018-06-13,5673.4,5684.8,5598.8,5603.0
2018-06-14,5530.6,5610.4,5519.6,5543.0
2018-06-15,5542.4,5562.8,5298.2,5436.6
2018-06-19,5359.6,5359.8,4952.2,5057.8
2018-06-20,5050.0,5188.0,5028.0,5142.2
2018-06-21,5155.0,5199.0,4995.6,5010.0
2018-06-22,4989.0,5127.0,4964.2,5110.8
2018-06-25,5138.6,5158.8,5028.8,5028.8
2018-06-26,5015.0,5138.2,5001.8,5095.0
2018-06-27,5099.0,5154.2,4996.2,5001.0
2018-06-28,5011.2,5119.6,4982.4,5007.2
2018-06-29,5030.0,5205.2,5002.2,5185.4
2018-07-02,5176.6,5225.0,5037.0,5100.0
2018-07-03,5116.2,5180.6,4992.0,5144.0
2018-07-04,5131.0,5150.0,5043.0,5085.4
2018-07-05,5065.2,5091.4,4919.6,4920.2
2018-07-06,4941.6,5047.6,4852.0,4948.0
2018-07-09,4991.6,5091.0,4988.0,5088.0
2018-07-10,5098.6,5124.8,5051.2,5115.0
2018-07-11,5003.8,5048.8,4919.0,5008.8
2018-07-12,5018.0,5190.8,5017.8,5178.4
2018-07-13,5178.4,5209.4,5152.0,5191.0
2018-07-16,5197.2,5220.8,5152.0,5199.2
2018-07-17,5199.0,5203.0,5116.4,5184.4
2018-07-18,5209.8,5232.0,5150.0,5159.2
2018-07-19,5134.0,5145.0,5033.2,5067.6
2018-07-20,5040.0,5165.4,5031.4,5145.2
2018-07-23,5117.6,5208.4,5114.0,5191.0
2018-07-24,5195.0,5328.0,5195.0,5299.0
2018-07-25,5306.6,5332.8,5281.0,5297.8
2018-07-26,5297.8,5308.0,5241.6,5261.6
2018-07-27,5270.2,5279.8,5205.0,5230.0
2018-07-30,5217.0,5245.2,5138.0,5140.4
2018-07-31,5145.0,5205.8,5130.0,5157.4
2018-08-01,5188.0,5239.8,5056.0,5074.8
2018-08-02,5066.6,5075.8,4832.4,4946.4
2018-08-03,4950.2,4991.0,4870.0,4878.2
2018-08-06,4885.0,4908.8,4755.2,4806.0
2018-08-07,4817.2,4944.4,4767.8,4929.0
2018-08-08,4919.4,4922.2,4827.2,4855.4
2018-08-09,4846.6,5031.4,4833.2,4977.0
2018-08-10,4988.2,5027.6,4967.0,5012.8
2018-08-13,4964.8,5032.8,4891.2,5006.0
2018-08-14,5006.0,5010.4,4956.6,4995.8
2018-08-15,4992.4,4992.6,4847.4,4878.0
2018-08-16,4813.0,4905.0,4771.6,4820.4
2018-08-17,4879.0,4896.6,4701.0,4738.0
2018-08-20,4746.0,4797.0,4684.6,4783.6
2018-08-21,4788.8,4876.0,4760.2,4825.0
2018-08-22,4817.2,4829.0,4772.8,4806.0
2018-08-23,4799.6,4859.2,4745.8,4826.2
2018-08-24,4810.2,4847.0,4775.2,4809.4
2018-08-27,4835.6,4947.0,4820.2,4931.4
2018-08-28,4942.8,4957.4,4910.0,4936.8
2018-08-29,4934.6,4937.6,4883.0,4918.2
2018-08-30,4918.0,4923.2,4826.4,4846.0
2018-08-31,4822.0,4836.6,4757.0,4783.4
2018-09-03,4767.0,4822.8,4715.4,4819.6
2018-09-04,4814.6,4895.2,4798.2,4857.6
2018-09-05,4850.0,4867.2,4781.2,4785.0
2018-09-06,4775.4,4837.6,4740.0,4767.8
2018-09-07,4788.0,4865.0,4720.2,4765.0
2018-09-10,4760.0,4770.8,4673.0,4684.2
2018-09-11,4687.2,4735.0,4653.8,4694.4
2018-09-12,4694.4,4728.4,4656.2,4675.0
2018-09-13,4726.8,4769.0,4636.8,4718.0
2018-09-14,4722.6,4726.4,4653.4,4654.4
2018-09-17,4633.4,4634.2,4574.2,4602.8
2018-09-18,4588.6,4698.4,4581.6,4679.4
2018-09-19,4679.0,4783.2,4667.0,4734.4
2018-09-20,4696.8,4738.8,4695.2,4714.4
2018-09-21,4729.2,4829.2,4700.2,4827.8
2018-09-25,4786.0,4813.0,4753.2,4793.2
2018-09-26,4805.0,4851.6,4767.6,4800.0
2018-09-27,4802.4,4818.0,4746.2,4764.6
2018-09-28,4772.2,4827.0,4733.6,4820.4
2018-10-08,4722.0,4741.6,4640.4,4654.8
2018-10-09,4664.2,4690.0,4606.2,4624.8
2018-10-10,4631.2,4670.0,4578.2,4639.2
2018-10-11,4499.0,4506.0,4243.0,4258.2
2018-10-12,4281.6,4303.8,4135.0,4267.2
2018-10-15,4273.0,4324.8,4171.0,4178.4
2018-10-16,4185.2,4219.8,4067.2,4100.4
2018-10-17,4150.8,4165.2,4026.8,4120.6
2018-10-18,4068.6,4082.4,3978.0,3978.0
2018-10-19,3949.0,4118.2,3937.8,4080.4
2018-10-22,4150.0,4373.2,4140.0,4317.6
2018-10-23,4318.6,4342.6,4182.0,4219.6
2018-10-24,4218.6,4288.8,4173.4,4209.8
2018-10-25,4100.0,4230.4,4072.4,4226.0
2018-10-26,4249.8,4283.4,4172.4,4199.8
2018-10-29,4206.4,4227.2,4104.0,4156.0
2018-10-30,4145.2,4232.4,4060.0,4189.6
2018-10-31,4202.6,4305.0,4185.2,4252.0
2018-11-01,4301.0,4375.0,4273.8,4280.0
2018-11-02,4370.0,4432.8,4329.0,4417.8
2018-11-05,4408.0,4445.6,4332.8,4414.4
2018-11-06,4410.0,4427.8,4349.0,4420.0
2018-11-07,4420.2,4468.0,4366.6,4371.8
2018-11-08,4420.0,4428.8,4346.4,4350.0
2018-11-09,4329.0,4380.0,4315.0,4346.4
2018-11-12,4346.6,4475.0,4335.0,4468.0
2018-11-13,4430.0,4590.0,4418.6,4558.6
2018-11-14,4558.8,4599.8,4518.6,4535.6
2018-11-15,4549.2,4628.0,4532.0,4619.0
2018-11-16,4625.0,4710.6,4602.8,4647.8
2018-11-19,4657.0,4683.6,4594.6,4659.4
2018-11-20,4627.6,4635.0,4512.4,4520.0
2018-11-21,4480.0,4557.0,4449.2,4536.2
2018-11-22,4550.0,4574.8,4484.4,4523.0
2018-11-23,4514.0,4521.0,4327.6,4328.2
2018-11-26,4338.0,4371.6,4283.6,4315.8
2018-11-27,4347.6,4378.6,4307.0,4344.2
2018-11-28,4342.4,4419.0,4272.4,4398.0
2018-11-29,4447.0,4447.0,4296.6,4312.2
2018-11-30,4303.6,4360.0,4238.0,4328.2
2018-12-03,4488.6,4524.0,4419.0,4472.0
2018-12-04,4458.8,4528.0,4452.2,4514.6
2018-12-05,4429.8,4526.0,4429.0,4470.0
2018-12-06,4429.0,4460.0,4372.0,4388.2
2018-12-07,4408.6,4419.8,4381.8,4386.0
2018-12-10,4362.2,4384.6,4325.0,4336.6
2018-12-11,4356.4,4389.0,4338.0,4387.2
2018-12-12,4401.0,4407.6,4359.8,4371.8
2018-12-13,4384.8,4472.8,4354.4,4430.2
2018-12-14,4420.2,4431.0,4315.6,4329.6
2018-12-17,4320.0,4342.6,4273.0,4321.2
2018-12-18,4305.0,4344.4,4241.6,4295.2
2018-12-19,4301.0,4305.0,4233.6,4236.2
2018-12-20,4200.2,4245.6,4180.6,4232.6
2018-12-21,4222.4,4236.0,4157.6,4206.0
2018-12-24,4193.4,4266.4,4183.2,4255.0
2018-12-25,4209.8,4234.4,4085.0,4195.2
2018-12-26,4198.8,4229.0,4158.0,4189.0
2018-12-27,4258.2,4258.2,4125.8,4131.0
2018-12-28,4143.0,4181.4,4119.2,4120.4
2019-01-02,4135.0,4147.0,4086.0,4096.8
2019-01-03,4100.0,4169.0,4077.6,4086.6
2019-01-04,4062.0,4208.8,4058.0,4207.8
2019-01-07,4210.0,4293.8,4196.6,4268.6
2019-01-08,4260.0,4286.0,4248.8,4270.8
2019-01-09,4288.6,4363.6,4265.0,4273.8
2019-01-10,4271.4,4327.0,4262.6,4277.4
2019-01-11,4292.4,4320.0,4252.8,4312.0
2019-01-14,4312.0,4332.0,4274.6,4290.2
2019-01-15,4291.4,4363.6,4266.4,4351.4
2019-01-16,4346.8,4373.0,4328.0,4341.0
2019-01-17,4323.4,4338.0,4281.6,4293.4
2019-01-18,4303.6,4352.0,4279.8,4341.0
2019-01-21,4349.6,4404.4,4340.0,4360.0
2019-01-22,4356.0,4358.8,4275.6,4294.2
2019-01-23,4290.6,4318.2,4276.2,4302.6
2019-01-24,4308.0,4368.4,4274.0,4330.8
2019-01-25,4336.6,4362.0,4305.2,4310.0
2019-01-28,4339.0,4378.8,4286.0,4291.6
2019-01-29,4291.0,4291.6,4177.0,4242.4
2019-01-30,4215.0,4268.2,4200.6,4201.8
2019-01-31,4210.0,4246.6,4137.2,4183.6
2019-02-01,4200.0,4315.8,4200.0,4313.2
2019-02-11,4308.8,4404.4,4308.2,4400.0
2019-02-12,4410.0,4458.6,4394.6,4428.8
2019-02-13,4438.8,4534.8,4423.6,4509.8
2019-02-14,4505.8,4562.8,4495.0,4537.0
2019-02-15,4526.8,4556.0,4491.4,4502.6
2019-02-18,4540.2,4687.4,4539.6,4677.0
2019-02-19,4692.8,4718.4,4614.4,4659.0
2019-02-20,4679.0,4682.8,4618.0,4652.0
2019-02-21,4650.0,4762.4,4636.2,4662.0
2019-02-22,4651.0,4807.0,4650.2,4804.8
2019-02-25,4872.4,5140.0,4840.0,5123.0
2019-02-26,5100.0,5174.8,5027.8,5063.2
2019-02-27,5084.2,5107.2,4970.0,5017.4
2019-02-28,5022.0,5085.0,5002.2,5034.6
2019-03-01,5070.6,5086.8,4980.0,5081.2
2019-03-04,5123.0,5259.8,5098.2,5144.4
2019-03-05,5146.4,5314.0,5141.2,5298.8
2019-03-06,5317.0,5414.0,5241.2,5400.0
2019-03-07,5387.8,5533.4,5353.0,5442.4
2019-03-08,5318.0,5471.6,5258.0,5296.4
2019-03-11,5331.4,5463.6,5291.4,5448.8
2019-03-12,5491.2,5598.6,5461.2,5546.2
2019-03-13,5544.0,5546.0,5362.0,5403.6
2019-03-14,5371.0,5400.0,5238.4,5277.0
2019-03-15,5315.2,5425.6,5273.0,5330.6
2019-03-18,5361.6,5515.2,5303.8,5513.8
2019-03-19,5498.2,5537.0,5455.0,5487.4
2019-03-20,5482.0,5503.4,5352.2,5470.0
2019-03-21,5485.0,5628.0,5485.0,5541.4
2019-03-22,5560.4,5614.0,5470.0,5611.2
2019-03-25,5523.0,5597.0,5506.6,5518.6
2019-03-26,5555.0,5559.4,5345.0,5358.0
2019-03-27,5389.0,5415.0,5313.2,5391.6
2019-03-28,5372.6,5447.6,5311.2,5318.6
2019-03-29,5333.2,5555.2,5322.4,5534.4
2019-04-01,5574.8,5767.4,5574.8,5766.0
2019-04-02,5795.2,5825.6,5722.6,5746.6
2019-04-03,5716.0,5852.2,5712.6,5828.6
2019-04-04,5858.0,5898.0,5792.4,5882.6
2019-04-08,5929.0,5935.0,5737.4,5800.8
2019-04-09,5795.0,5863.0,5774.2,5836.8
2019-04-10,5806.0,5901.0,5747.0,5818.8
2019-04-11,5824.8,5837.0,5702.0,5721.2
2019-04-12,5720.8,5740.0,5656.6,5701.2
2019-04-15,5788.8,5806.2,5589.0,5609.0
2019-04-16,5596.6,5765.2,5555.8,5759.2
2019-04-17,5761.0,5831.8,5733.4,5772.4
2019-04-18,5741.8,5759.8,5689.4,5713.0
2019-04-19,5720.8,5779.0,5618.0,5775.8
2019-04-22,5782.8,5785.8,5628.6,5677.0
2019-04-23,5667.0,5671.8,5544.4,5552.8
2019-04-24,5575.0,5660.6,5511.8,5627.0
2019-04-25,5617.6,5624.0,5397.4,5411.2
2019-04-26,5398.6,5476.0,5371.8,5375.2
2019-04-29,5390.0,5395.0,5226.2,5258.8
2019-04-30,5254.0,5342.2,5222.6,5267.2
2019-05-06,5120.0,5120.0,4749.2,4810.0
2019-05-07,4887.6,4964.4,4839.2,4906.0
2019-05-08,4827.0,5007.8,4815.0,4873.2
2019-05-09,4829.0,4927.2,4810.6,4842.8
2019-05-10,4919.8,5051.0,4775.4,5018.0
2019-05-13,4964.4,5008.8,4914.0,4938.4
2019-05-14,4930.2,4992.0,4896.0,4938.8
2019-05-15,4978.6,5076.6,4962.0,5046.2
2019-05-16,4950.0,5003.6,4941.4,4993.0
2019-05-17,5003.2,5020.0,4793.6,4824.8
2019-05-20,4845.0,4855.6,4730.0,4825.0
2019-05-21,4849.4,4966.6,4826.0,4903.6
2019-05-22,4902.0,4924.8,4828.0,4889.8
2019-05-23,4872.2,4878.2,4765.0,4788.2
2019-05-24,4796.6,4819.2,4753.0,4772.6
2019-05-27,4776.4,4935.0,4749.6,4903.0
2019-05-28,4908.0,4944.0,4871.0,4888.8
2019-05-29,4874.4,4929.6,4855.0,4866.0
2019-05-30,4866.0,4868.8,4763.0,4868.6
2019-05-31,4856.2,4921.0,4792.6,4808.8
2019-06-03,4864.0,4886.8,4739.0,4788.0
2019-06-04,4776.4,4795.6,4713.2,4746.8
2019-06-05,4788.2,4796.0,4720.2,4721.8
2019-06-06,4715.0,4726.8,4608.8,4611.8
2019-06-10,4645.8,4717.2,4601.2,4658.0
2019-06-11,4671.0,4886.4,4670.6,4876.6
2019-06-12,4864.4,4879.8,4801.2,4816.4
2019-06-13,4814.4,4862.6,4781.0,4838.6
2019-06-14,4846.0,4860.8,4741.0,4769.2
2019-06-17,4766.4,4816.4,4752.2,4792.8
2019-06-18,4794.0,4822.0,4751.2,4790.8
2019-06-19,4910.0,4967.0,4850.2,4855.0
2019-06-20,4782.4,4973.6,4769.0,4901.8
2019-06-21,4998.2,5034.4,4953.6,4975.0
2019-06-24,4986.0,4994.0,4939.6,4974.6
2019-06-25,4961.0,4968.0,4841.6,4920.8
2019-06-26,4890.0,4953.2,4887.0,4916.2
2019-06-27,4940.2,5004.0,4923.0,4957.2
2019-06-28,4949.2,4954.4,4865.2,4920.0
2019-07-01,5039.2,5081.6,4971.2,5050.0
2019-07-02,5038.2,5056.0,5012.4,5033.4
2019-07-03,5006.2,5017.0,4980.0,5004.6
2019-07-04,5006.0,5038.8,4950.0,4984.0
2019-07-05,4983.2,5029.8,4964.4,5017.0
2019-07-08,4995.4,4996.0,4806.0,4821.6
2019-07-09,4834.4,4853.6,4803.8,4829.4
2019-07-10,4850.0,4864.4,4793.4,4809.8
2019-07-11,4825.2,4880.0,4771.2,4800.6
2019-07-12,4801.0,4855.4,4788.0,4843.0
2019-07-15,4812.4,4949.2,4745.2,4906.0
2019-07-16,4898.2,4933.0,4894.2,4921.2
2019-07-17,4922.0,4949.4,4903.8,4911.4
2019-07-18,4826.8,4839.6,4783.4,4786.0
2019-07-19,4805.0,4885.6,4802.2,4823.4
2019-07-22,4833.4,4853.4,4704.2,4733.2
2019-07-23,4741.0,4789.4,4732.0,4776.4
2019-07-24,4801.4,4872.6,4800.0,4820.4
2019-07-25,4827.0,4864.0,4813.6,4846.4
2019-07-26,4835.4,4867.4,4812.0,4859.2
2019-07-29,4854.4,4878.8,4813.0,4844.0
2019-07-30,4857.4,4933.0,4846.2,4877.6
2019-07-31,4870.0,4891.6,4853.0,4874.0
2019-08-01,4850.0,4872.8,4814.8,4841.0
2019-08-02,4730.2,4784.4,4721.0,4779.2
2019-08-05,4754.8,4804.4,4717.6,4725.0
2019-08-06,4648.0,4673.0,4536.2,4626.8
2019-08-07,4650.0,4655.0,4591.0,4591.6
2019-08-08,4625.0,4638.0,4604.0,4616.6
2019-08-09,4641.0,4658.6,4557.2,4570.6
2019-08-12,4583.0,4672.6,4568.6,4665.8
2019-08-13,4651.0,4652.0,4612.2,4646.8
2019-08-14,4641.0,4677.4,4613.2,4617.2
2019-08-15,4540.0,4667.4,4532.6,4652.6
2019-08-16,4655.0,4708.8,4649.0,4664.8
2019-08-19,4725.0,4856.6,4717.2,4853.8
2019-08-20,4846.6,4891.0,4826.6,4831.8
2019-08-21,4830.0,4861.0,4818.8,4842.8
2019-08-22,4853.6,4856.8,4803.0,4837.2
2019-08-23,4843.0,4869.6,4812.2,4841.8
2019-08-26,4762.8,4828.8,4760.0,4815.0
2019-08-27,4842.0,4965.0,4835.0,4874.4
2019-08-28,4885.0,4911.4,4871.0,4885.8
2019-08-29,4898.6,4919.4,4866.2,4891.2
2019-08-30,4920.6,4947.0,4814.0,4859.0
2019-09-02,4864.8,5006.8,4851.0,4977.4
2019-09-03,4993.8,5008.4,4965.4,5004.0
2019-09-04,5000.2,5098.0,4991.2,5098.0
2019-09-05,5130.0,5213.0,5113.0,5125.8
2019-09-06,5155.8,5168.8,5107.8,5151.4
2019-09-09,5181.0,5249.8,5151.0,5248.6
2019-09-10,5243.4,5255.8,5192.8,5236.4
2019-09-11,5250.0,5275.8,5191.6,5218.0
2019-09-12,5238.0,5269.6,5189.4,5240.2
2019-09-16,5253.8,5279.4,5214.0,5237.4
2019-09-17,5224.0,5227.0,5117.0,5130.0
2019-09-18,5142.8,5161.8,5124.4,5130.8
2019-09-19,5115.0,5153.6,5087.2,5150.6
2019-09-20,5165.0,5186.6,5135.2,5147.4
2019-09-23,5140.0,5148.0,5073.6,5139.4
2019-09-24,5141.8,5224.4,5120.4,5127.2
2019-09-25,5112.0,5117.0,5044.6,5047.6
2019-09-26,5067.6,5073.4,4949.2,4953.2
2019-09-27,4966.0,5014.4,4960.0,4978.6
2019-09-30,4976.4,5003.6,4890.0,4894.0
2019-10-08,4931.2,4979.0,4912.6,4916.6
2019-10-09,4906.0,4974.6,4883.6,4959.8
2019-10-10,4964.4,5032.0,4951.0,5023.2
2019-10-11,5035.0,5065.0,4988.0,5055.6
2019-10-14,5087.4,5150.0,5075.0,5103.0
2019-10-15,5093.6,5096.6,5043.0,5051.8
2019-10-16,5061.8,5090.2,5020.2,5021.0
2019-10-17,5000.0,5006.0,4954.0,4973.0
2019-10-18,4982.2,5014.0,4864.0,4893.2
2019-10-21,4890.0,4909.8,4842.8,4902.6
2019-10-22,4920.0,4976.2,4901.2,4954.8
2019-10-23,4950.0,4966.6,4892.2,4923.0
2019-10-24,4920.8,4934.0,4850.0,4924.0
2019-10-25,4915.0,4979.0,4871.4,4974.2
2019-10-28,5031.0,5051.2,5000.0,5046.4
2019-10-29,5044.0,5044.0,4979.0,4979.6
2019-10-30,4963.4,4964.8,4908.0,4916.0
2019-10-31,4928.6,4942.8,4880.2,4892.8
2019-11-01,4883.6,4954.0,4867.2,4948.2
2019-11-04,4966.0,4998.0,4949.2,4957.8
2019-11-05,4970.4,5033.6,4944.4,4998.2
2019-11-06,4995.0,5009.4,4922.0,4955.4
2019-11-07,4946.2,5014.0,4943.2,4990.4
2019-11-08,5030.0,5048.6,4966.6,4970.8
2019-11-11,4940.0,4941.4,4855.0,4862.0
2019-11-12,4811.2,4831.8,4761.0,4812.0
2019-11-13,4816.0,4818.0,4783.0,4817.4
2019-11-14,4815.4,4860.6,4805.2,4839.2
2019-11-15,4841.2,4885.0,4800.8,4820.4
2019-11-18,4818.0,4868.0,4805.0,4855.0
2019-11-19,4850.0,4948.4,4849.0,4943.6
2019-11-20,4939.8,4954.6,4897.8,4900.4
2019-11-21,4882.2,4933.2,4874.0,4917.0
2019-11-22,4926.4,5002.6,4832.8,4853.0
2019-11-25,4862.0,4885.8,4820.0,4874.4
2019-11-26,4892.4,4899.6,4843.6,4853.2
2019-11-27,4850.2,4919.6,4837.8,4880.2
2019-11-28,4874.8,4899.0,4857.6,4875.8
2019-11-29,4868.0,4896.8,4824.0,4881.0
2019-12-02,4894.0,4925.0,4870.8,4896.0
2019-12-03,4885.0,4925.8,4851.6,4924.8
2019-12-04,4906.0,4932.6,4887.6,4911.8
2019-12-05,4926.4,4980.0,4914.4,4960.2
2019-12-06,4966.0,5018.8,4951.0,5015.6
2019-12-09,5025.2,5046.2,5003.6,5025.6
2019-12-10,5006.6,5066.0,4998.2,5050.2
2019-12-11,5041.0,5053.0,5006.0,5031.6
2019-12-12,5031.6,5055.0,5014.6,5017.8
2019-12-13,5068.0,5107.2,5040.2,5093.0
2019-12-16,5086.0,5175.8,5081.0,5164.4
2019-12-17,5148.0,5262.0,5138.4,5232.0
2019-12-18,5242.8,5274.2,5222.2,5243.2
2019-12-19,5243.4,5264.4,5221.4,5251.0
2019-12-20,5256.6,5272.0,5193.8,5204.6
2019-12-23,5178.0,5203.0,5068.8,5074.2
2019-12-24,5095.6,5161.6,5084.4,5143.2
2019-12-25,5142.0,5186.8,5128.4,5167.8
2019-12-26,5162.2,5204.0,5144.0,5202.8
2019-12-27,5207.6,5247.6,5162.8,5163.6
2019-12-30,5145.8,5258.0,5113.8,5245.0
2019-12-31,5250.0,5279.0,5221.2,5269.8
2020-01-02,5300.0,5392.4,5281.0,5361.8
2020-01-03,5375.4,5402.0,5358.0,5378.0
2020-01-06,5360.2,5497.8,5357.6,5433.0
2020-01-07,5443.0,5506.8,5438.6,5501.0
2020-01-08,5480.4,5507.8,5405.2,5433.6
2020-01-09,5477.6,5501.0,5449.2,5498.0
2020-01-10,5514.8,5526.0,5446.0,5468.0
2020-01-13,5471.8,5573.6,5436.0,5571.2
2020-01-14,5589.8,5594.6,5537.0,5543.6
2020-01-15,5533.0,5548.8,5489.4,5523.6
2020-01-16,5521.0,5549.8,5510.2,5538.0
2020-01-17,5547.0,5561.0,5486.4,5501.2
2020-01-20,5517.0,5600.0,5493.0,5598.8
2020-01-21,5572.2,5582.4,5495.4,5516.6
2020-01-22,5495.0,5608.0,5421.0,5580.8
2020-01-23,5510.0,5546.4,5299.8,5346.4
2020-02-03,4805.4,4922.0,4805.4,4805.4
2020-02-04,4792.2,4965.6,4792.2,4927.2
2020-02-05,4966.0,5098.0,4956.2,5027.4
2020-02-06,5044.4,5232.2,5009.2,5210.4
2020-02-07,5182.2,5258.0,5162.0,5258.0
2020-02-10,5236.8,5292.4,5214.0,5276.6
2020-02-11,5299.0,5314.8,5246.6,5272.6
2020-02-12,5260.0,5385.0,5256.4,5384.4
2020-02-13,5382.0,5402.2,5324.0,5342.4
2020-02-14,5352.8,5414.0,5322.0,5363.8
2020-02-17,5400.0,5583.4,5388.0,5580.0
2020-02-18,5580.0,5618.0,5532.0,5591.4
2020-02-19,5586.2,5626.0,5558.2,5570.2
2020-02-20,5590.0,5698.8,5545.0,5667.8
2020-02-21,5667.0,5796.8,5664.0,5775.0
2020-02-24,5759.0,5849.6,5705.6,5806.0
2020-02-25,5766.0,5868.0,5618.0,5852.6
2020-02-26,5801.2,5818.4,5684.8,5715.4
2020-02-27,5736.0,5769.8,5670.0,5710.0
2020-02-28,5540.0,5606.2,5368.0,5383.0
2020-03-02,5463.0,5658.8,5463.0,5598.6
2020-03-03,5710.0,5788.0,5599.4,5620.4
2020-03-04,5625.2,5677.0,5542.0,5658.4
2020-03-05,5739.0,5765.8,5654.8,5728.6
2020-03-06,5690.6,5728.8,5660.4,5681.0
2020-03-09,5582.0,5605.0,5438.6,5468.4
2020-03-10,5508.6,5645.0,5400.0,5635.2
2020-03-11,5645.0,5662.0,5525.0,5525.0
2020-03-12,5469.0,5508.0,5385.2,5477.0
2020-03-13,5200.0,5494.4,5180.0,5447.0
2020-03-16,5419.0,5443.0,5133.4,5148.8
2020-03-17,5296.0,5300.8,5052.0,5165.4
2020-03-18,5200.0,5324.4,5073.2,5087.4
2020-03-19,5050.0,5132.0,4943.8,5099.6
2020-03-20,5168.0,5180.0,5062.4,5166.8
2020-03-23,5007.0,5079.8,4928.8,4964.2
2020-03-24,5060.0,5088.0,4924.6,5030.0
2020-03-25,5125.0,5181.8,5097.0,5141.6
2020-03-26,5111.0,5155.2,5077.4,5089.0
2020-03-27,5149.0,5178.8,5053.6,5053.6
2020-03-30,5001.2,5032.8,4909.0,4975.2
2020-03-31,5020.0,5044.0,4950.0,4958.8
2020-04-01,4963.2,5067.0,4937.4,4950.4
2020-04-02,4956.0,5133.6,4953.0,5130.4
2020-04-03,5103.6,5113.0,5029.4,5061.6
2020-04-07,5160.0,5241.6,5156.2,5213.0
2020-04-08,5195.4,5252.0,5189.0,5229.2
2020-04-09,5260.0,5299.0,5250.4,5273.2
2020-04-10,5269.2,5274.6,5164.4,5195.8
2020-04-13,5160.0,5178.4,5117.8,5139.8
2020-04-14,5180.0,5271.0,5175.2,5262.0
2020-04-15,5266.0,5303.0,5250.0,5251.4
2020-04-16,5172.8,5271.4,5166.8,5247.0
2020-04-17,5308.8,5335.0,5228.4,5251.8
2020-04-20,5280.0,5307.0,5250.8,5295.2
2020-04-21,5276.4,5282.8,5176.4,5255.8
2020-04-22,5215.0,5322.0,5212.8,5319.0
2020-04-23,5310.4,5332.8,5263.2,5282.6
2020-04-24,5267.0,5279.8,5188.2,5216.2
2020-04-27,5230.0,5265.0,5189.6,5202.8
2020-04-28,5202.8,5213.0,5055.0,5162.2
2020-04-29,5157.6,5217.6,5154.0,5188.2
2020-04-30,5232.0,5349.2,5227.0,5332.0
2020-05-06,5305.0,5432.6,5303.8,5413.6
2020-05-07,5420.0,5433.0,5377.0,5402.6
2020-05-08,5444.0,5510.0,5428.0,5479.8
2020-05-11,5506.8,5538.0,5448.4,5468.2
2020-05-12,5465.0,5502.8,5430.2,5486.0
2020-05-13,5384.8,5444.0,5376.8,5431.0
2020-05-14,5413.2,5427.0,5383.4,5408.6
2020-05-15,5437.0,5470.0,5403.8,5404.6
2020-05-18,5434.6,5450.0,5372.0,5389.4
2020-05-19,5431.2,5466.8,5418.4,5454.2
2020-05-20,5450.2,5455.8,5393.0,5410.2
2020-05-21,5430.4,5431.0,5338.0,5343.2
2020-05-22,5337.0,5354.0,5251.8,5267.8
2020-05-25,5266.0,5296.0,5235.2,5254.6
2020-05-26,5283.4,5355.0,5275.2,5343.6
2020-05-27,5344.6,5346.8,5279.2,5301.4
2020-05-28,5293.4,5329.8,5223.6,5282.6
2020-05-29,5271.8,5345.6,5257.0,5318.8
2020-06-01,5386.0,5532.0,5382.0,5524.2
2020-06-02,5555.0,5558.8,5495.0,5523.0
2020-06-03,5535.0,5569.6,5510.2,5512.0
2020-06-04,5534.4,5541.0,5487.8,5517.4
2020-06-05,5530.4,5543.6,5490.6,5541.0
2020-06-08,5572.0,5589.0,5509.0,5522.2
2020-06-09,5531.0,5577.0,5511.0,5559.2
2020-06-10,5563.0,5571.4,5525.2,5563.4
2020-06-11,5561.4,5646.6,5515.4,5556.6
2020-06-12,5507.2,5614.0,5480.0,5578.2
2020-06-15,5572.2,5635.0,5556.2,5557.0
2020-06-16,5620.0,5679.4,5608.4,5678.8
2020-06-17,5681.0,5713.2,5656.0,5706.0
2020-06-18,5605.6,5661.2,5605.0,5659.6
2020-06-19,5653.8,5741.2,5652.0,5713.8
2020-06-22,5729.2,5764.0,5706.6,5711.4
2020-06-23,5700.0,5748.8,5677.6,5737.2
2020-06-24,5749.8,5764.0,5707.8,5744.2
2020-06-29,5729.4,5738.0,5668.8,5710.6
2020-06-30,5741.4,5842.0,5737.4,5802.4
2020-07-01,5836.6,5838.0,5766.0,5829.4
2020-07-02,5829.6,5975.8,5813.8,5954.2
2020-07-03,5977.0,6042.8,5951.0,6034.8
2020-07-06,6088.0,6386.4,6085.0,6305.2
2020-07-07,6360.0,6513.0,6352.6,6400.4
2020-07-08,6438.6,6549.0,6366.8,6515.8
2020-07-09,6512.6,6716.2,6506.8,6707.6
2020-07-10,6680.0,6765.6,6636.4,6689.2
2020-07-13,6738.8,6909.2,6726.4,6898.6
2020-07-14,6880.4,6887.6,6651.0,6791.0
2020-07-15,6840.0,6850.2,6584.4,6635.0
2020-07-16,6620.0,6704.0,6181.6,6265.8
2020-07-17,6321.0,6410.6,6251.0,6301.0
2020-07-20,6383.2,6459.8,6292.0,6446.0
2020-07-21,6471.8,6540.2,6432.2,6491.4
2020-07-22,6469.0,6678.8,6450.4,6539.0
2020-07-23,6525.0,6590.0,6359.4,6548.0
2020-07-24,6504.4,6528.2,6171.0,6204.0
2020-07-27,6250.0,6290.0,6162.2,6207.6
2020-07-28,6278.8,6328.4,6200.4,6252.0
2020-07-29,6229.8,6507.0,6228.4,6501.4
2020-07-30,6518.0,6535.8,6423.0,6453.0
2020-07-31,6466.0,6606.0,6364.8,6516.0
2020-08-03,6599.0,6683.8,6556.4,6668.4
2020-08-04,6680.0,6693.6,6592.4,6634.4
2020-08-05,6648.0,6728.8,6568.8,6683.0
2020-08-06,6705.2,6736.0,6534.0,6693.8
2020-08-07,6656.0,6665.4,6464.0,6622.2
2020-08-10,6612.0,6716.6,6551.2,6663.4
2020-08-11,6663.8,6708.8,6492.0,6521.0
2020-08-12,6520.0,6521.4,6317.0,6447.6
2020-08-13,6488.0,6513.6,6431.2,6475.6
2020-08-14,6450.0,6633.6,6445.8,6630.4
2020-08-17,6657.0,6737.0,6582.6,6713.0
2020-08-18,6725.0,6795.0,6717.0,6746.6
2020-08-19,6641.0,6663.4,6520.2,6531.0
2020-08-20,6488.0,6569.6,6460.2,6495.8
2020-08-21,6540.0,6605.8,6468.4,6522.2
2020-08-24,6570.0,6597.4,6471.0,6543.4
2020-08-25,6566.0,6646.6,6497.0,6523.6
2020-08-26,6526.0,6552.0,6392.0,6436.0
2020-08-27,6453.0,6513.4,6413.2,6509.4
2020-08-28,6499.8,6664.8,6456.4,6660.0
2020-08-31,6705.0,6721.4,6590.0,6590.0
2020-09-01,6595.0,6661.4,6583.6,6655.2
2020-09-02,6685.0,6688.0,6555.2,6619.0
2020-09-03,6611.0,6647.6,6550.8,6596.0
2020-09-04,6501.6,6590.6,6486.4,6578.8
2020-09-07,6580.8,6633.2,6403.0,6421.0
2020-09-08,6449.8,6521.0,6402.2,6491.0
2020-09-09,6431.0,6449.6,6271.2,6326.0
2020-09-10,6376.0,6384.8,6193.2,6222.0
2020-09-11,6224.0,6305.0,6206.8,6280.0
2020-09-14,6329.8,6357.0,6262.6,6332.6
2020-09-15,6326.0,6379.8,6302.2,6366.2
2020-09-16,6351.0,6366.8,6311.2,6353.6
2020-09-17,6242.0,6357.8,6201.2,6291.8
2020-09-18,6302.2,6439.6,6280.2,6437.6
2020-09-21,6458.2,6467.0,6352.2,6373.8
2020-09-22,6345.0,6424.6,6260.0,6292.2
2020-09-23,6318.4,6351.8,6285.6,6323.0
2020-09-24,6288.0,6298.8,6140.4,6190.2
2020-09-25,6218.2,6242.0,6160.2,6209.6
2020-09-28,6231.0,6235.2,6133.4,6157.2
2020-09-29,6185.0,6280.0,6165.0,6213.4
2020-09-30,6240.0,6252.0,6103.0,6163.0
2020-10-09,6290.0,6372.6,6276.8,6332.6
2020-10-12,6385.0,6540.0,6383.2,6539.8
2020-10-13,6530.0,6549.0,6465.6,6538.4
2020-10-14,6522.2,6533.6,6490.6,6511.0
2020-10-15,6431.0,6448.0,6376.4,6397.0
2020-10-16,6397.2,6414.8,6304.0,6356.0
2020-10-19,6409.2,6442.0,6235.0,6281.6
2020-10-20,6276.4,6358.6,6253.0,6356.4
2020-10-21,6350.0,6364.8,6231.2,6289.6
2020-10-22,6258.0,6282.0,6192.2,6261.2
2020-10-23,6260.0,6319.8,6150.2,6168.8
2020-10-26,6132.2,6203.4,6066.0,6180.2
2020-10-27,6161.4,6195.0,6130.2,6172.8
2020-10-28,6168.0,6221.0,6112.2,6211.6
2020-10-29,6154.0,6267.8,6134.8,6231.0
2020-10-30,6261.0,6261.0,6063.4,6068.2
2020-11-02,6094.4,6146.0,6077.6,6109.8
2020-11-03,6139.6,6234.0,6121.2,6209.2
2020-11-04,6209.0,6239.0,6137.4,6200.2
2020-11-05,6265.0,6351.4,6228.0,6333.8
2020-11-06,6340.0,6345.0,6216.4,6288.4
2020-11-09,6288.0,6397.2,6288.0,6326.0
2020-11-10,6345.4,6346.0,6236.0,6274.8
2020-11-11,6261.6,6300.0,6204.0,6205.0
2020-11-12,6224.6,6265.0,6200.0,6224.0
2020-11-13,6215.8,6233.4,6145.0,6223.8
2020-11-16,6256.0,6295.0,6212.2,6294.0
2020-11-17,6289.8,6289.8,6228.2,6265.8
2020-11-18,6261.0,6326.0,6248.6,6270.4
2020-11-19,6260.0,6327.8,6223.6,6320.6
2020-11-20,6314.0,6396.0,6306.4,6379.2
2020-11-23,6400.6,6494.0,6344.0,6434.0
2020-11-24,6427.0,6459.0,6410.2,6425.2
2020-11-25,6449.2,6453.8,6311.2,6325.4
2020-11-26,6325.2,6332.0,6265.0,6314.4
2020-11-27,6308.6,6347.4,6237.0,6344.0
2020-11-30,6343.8,6398.6,6272.4,6293.0
2020-12-01,6304.8,6438.2,6292.0,6406.6
2020-12-02,6420.0,6425.0,6363.2,6402.0
2020-12-03,6393.8,6447.0,6352.4,6429.4
2020-12-04,6402.8,6460.0,6371.2,6458.4
2020-12-07,6462.6,6466.8,6377.4,6397.6
2020-12-08,6400.0,6442.2,6394.0,6402.8
2020-12-09,6408.0,6422.6,6294.0,6305.0
2020-12-10,6294.8,6344.0,6253.8,6315.6
2020-12-11,6326.8,6343.2,6146.6,6196.4
2020-12-14,6196.0,6258.0,6166.0,6253.2
2020-12-15,6240.0,6272.0,6216.6,6256.8
2020-12-16,6257.2,6263.8,6208.0,6239.6
2020-12-17,6198.8,6285.4,6139.2,6277.8
2020-12-18,6277.0,6299.8,6204.0,6246.6
2020-12-21,6249.0,6384.0,6236.4,6354.8
2020-12-22,6333.0,6355.8,6213.0,6238.8
2020-12-23,6245.0,6317.0,6210.0,6270.6
2020-12-24,6270.4,6276.2,6172.8,6191.2
2020-12-25,6175.8,6275.0,6165.4,6262.0
2020-12-28,6262.2,6278.8,6188.0,6214.8
2020-12-29,6214.8,6274.8,6182.4,6198.4
2020-12-30,6196.6,6287.6,6172.0,6248.0
2020-12-31,6275.0,6364.4,6263.0,6348.0
2021-01-04,6384.0,6489.8,6334.0,6434.2
2021-01-05,6434.4,6504.8,6417.0,6476.6
2021-01-06,6487.6,6560.0,6430.0,6485.0
2021-01-07,6484.8,6540.0,6435.8,6526.0
2021-01-08,6525.4,6598.0,6463.2,6550.6
2021-01-11,6557.0,6560.0,6394.6,6446.8
2021-01-12,6431.0,6535.0,6430.0,6521.6
2021-01-13,6508.6,6533.4,6441.8,6487.2
2021-01-14,6400.0,6464.0,6345.6,6398.0
2021-01-15,6400.0,6406.2,6297.8,6351.0
2021-01-18,6354.0,6473.0,6336.4,6442.2
2021-01-19,6442.2,6472.0,6393.0,6410.8
2021-01-20,6409.6,6492.0,6396.0,6479.4
2021-01-21,6491.6,6604.8,6491.4,6565.4
2021-01-22,6565.6,6577.0,6496.8,6566.6
2021-01-25,6564.0,6619.0,6507.0,6560.4
2021-01-26,6545.0,6547.0,6453.8,6486.0
2021-01-27,6491.0,6514.8,6445.2,6480.0
2021-01-28,6423.4,6468.0,6365.2,6394.4
2021-01-29,6413.4,6426.0,6211.0,6313.6
2021-02-01,6322.0,6369.6,6308.0,6357.8
2021-02-02,6307.2,6352.6,6266.0,6339.8
2021-02-03,6325.0,6360.0,6300.0,6310.0
2021-02-04,6304.0,6306.0,6182.6,6255.0
2021-02-05,6263.0,6286.8,6157.0,6175.0
2021-02-08,6198.0,6288.0,6161.0,6260.2
2021-02-09,6270.0,6397.6,6264.6,6375.4
2021-02-10,6383.2,6449.0,6337.4,6430.2
2021-02-18,6584.0,6625.0,6466.0,6505.0
2021-02-19,6500.0,6630.6,6480.4,6630.0
2021-02-22,6660.0,6744.0,6565.0,6576.8
2021-02-23,6566.6,6629.0,6550.0,6569.8
2021-02-24,6585.6,6603.0,6438.4,6491.2
2021-02-25,6562.2,6562.2,6417.0,6472.2
2021-02-26,6400.0,6418.0,6296.0,6320.4
2021-03-01,6372.2,6439.0,6362.0,6438.0
2021-03-02,6439.0,6451.0,6325.6,6380.6
2021-03-03,6378.0,6481.2,6378.0,6463.0
2021-03-04,6420.4,6444.6,6340.0,6372.8
2021-03-05,6320.6,6427.8,6302.6,6399.0
2021-03-08,6430.8,6478.2,6231.0,6243.6
2021-03-09,6225.0,6248.6,6042.0,6126.4
2021-03-10,6173.6,6188.0,6038.8,6042.8
2021-03-11,6064.0,6218.2,6027.2,6212.4
2021-03-12,6212.0,6222.2,6117.6,6215.2
2021-03-15,6197.2,6225.6,6106.8,6183.0
2021-03-16,6179.6,6232.0,6132.2,6179.2
2021-03-17,6166.0,6234.0,6112.2,6213.2
2021-03-18,6183.2,6249.0,6160.0,6209.6
2021-03-19,6147.0,6208.8,6105.6,6169.0
2021-03-22,6174.0,6268.8,6156.2,6246.0
2021-03-23,6246.0,6266.2,6140.0,6188.0
2021-03-24,6157.2,6199.0,6107.2,6133.4
2021-03-25,6110.2,6178.0,6081.6,6155.6
2021-03-26,6168.0,6255.0,6166.0,6232.4
2021-03-29,6233.6,6246.8,6181.0,6230.6
2021-03-30,6205.0,6264.6,6183.6,6245.0
2021-03-31,6242.0,6252.0,6168.2,6237.8
2021-04-01,6239.4,6308.0,6211.0,6291.0
2021-04-02,6281.2,6317.2,6264.0,6296.4
2021-04-06,6319.8,6360.0,6290.2,6300.6
2021-04-07,6318.0,6326.8,6255.2,6314.0
2021-04-08,6300.0,6360.8,6275.2,6345.8
2021-04-09,6322.4,6352.0,6292.2,6326.8
2021-04-12,6311.0,6329.8,6207.0,6237.2
2021-04-13,6217.2,6262.6,6200.0,6219.8
2021-04-14,6218.0,6297.0,6217.8,6271.0
2021-04-15,6200.0,6244.0,6154.6,6235.2
2021-04-16,6220.6,6328.0,6220.6,6325.4
2021-04-19,6311.8,6412.0,6284.0,6385.4
2021-04-20,6385.0,6428.0,6375.4,6400.0
2021-04-21,6380.0,6408.8,6335.0,6385.4
2021-04-22,6418.6,6432.8,6380.0,6397.4
2021-04-23,6401.2,6445.0,6367.0,6443.0
2021-04-26,6454.2,6527.6,6402.8,6417.6
2021-04-27,6436.2,6450.0,6385.0,6413.2
2021-04-28,6418.8,6472.4,6373.6,6462.4
2021-04-29,6466.6,6478.0,6428.2,6464.0
2021-04-30,6458.0,6491.0,6402.0,6477.6
2021-05-06,6494.8,6535.0,6412.4,6446.2
2021-05-07,6419.6,6455.0,6371.2,6384.0
2021-05-10,6395.0,6433.2,6369.8,6393.8
2021-05-11,6370.0,6407.0,6287.2,6388.2
2021-05-12,6375.0,6461.2,6346.0,6448.8
2021-05-13,6407.0,6435.0,6353.2,6381.4
2021-05-14,6409.6,6493.6,6365.2,6489.0
2021-05-17,6487.8,6563.8,6478.2,6522.0
2021-05-18,6530.0,6567.0,6516.6,6547.8
2021-05-19,6527.6,6552.0,6495.6,6545.4
2021-05-20,6524.0,6556.0,6461.2,6524.0
2021-05-21,6539.8,6544.8,6471.0,6495.2
2021-05-24,6488.2,6547.6,6456.0,6515.0
2021-05-25,6515.0,6616.0,6498.6,6589.0
2021-05-26,6602.0,6612.0,6580.2,6600.8
2021-05-27,6599.0,6664.2,6583.0,6645.6
2021-05-28,6655.0,6685.8,6617.2,6651.8
2021-05-31,6655.2,6695.0,6631.6,6679.0
2021-06-01,6669.2,6698.0,6606.2,6675.4
2021-06-02,6670.6,6689.0,6616.2,6645.0
2021-06-03,6641.4,6699.2,6601.0,6601.0
2021-06-04,6600.0,6695.0,6578.6,6669.0
2021-06-07,6680.4,6694.0,6638.0,6669.6
2021-06-08,6665.0,6726.0,6613.0,6653.0
2021-06-09,6642.2,6679.0,6630.0,6658.0
2021-06-10,6656.0,6760.8,6645.0,6746.2
2021-06-11,6754.0,6766.0,6705.6,6726.0
2021-06-15,6733.0,6741.4,6633.8,6652.4
2021-06-16,6648.2,6652.8,6552.0,6571.4
2021-06-17,6517.4,6573.6,6516.2,6558.2
2021-06-18,6558.2,6622.8,6545.6,6614.2
2021-06-21,6605.0,6680.0,6589.4,6654.8
2021-06-22,6661.0,6692.0,6638.2,6678.2
2021-06-23,6674.2,6768.0,6668.2,6755.2
2021-06-24,6745.0,6756.2,6707.4,6739.6
2021-06-25,6730.0,6815.8,6720.6,6799.8
2021-06-28,6793.8,6830.0,6774.0,6793.0
2021-06-29,6799.8,6809.2,6724.4,6744.8
2021-06-30,6749.0,6798.8,6735.6,6764.0
2021-07-01,6780.4,6788.4,6666.4,6686.2
2021-07-02,6678.0,6694.0,6621.2,6639.0
2021-07-05,6653.8,6698.0,6635.4,6678.4
2021-07-06,6687.4,6717.4,6614.2,6675.2
2021-07-07,6635.2,6746.8,6628.4,6739.0
2021-07-08,6750.0,6769.0,6715.0,6721.8
2021-07-09,6705.0,6790.6,6671.8,6784.2
2021-07-12,6807.6,6911.4,6807.6,6866.0
2021-07-13,6864.8,6954.8,6864.8,6941.6
2021-07-14,6932.0,6959.0,6874.6,6909.2
2021-07-15,6844.8,6879.0,6796.2,6873.8
2021-07-16,6873.8,6929.6,6855.0,6886.6
2021-07-19,6884.4,6891.4,6817.4,6853.6
2021-07-20,6811.2,6878.2,6804.4,6860.4
2021-07-21,6895.2,6955.0,6884.4,6939.2
2021-07-22,6945.2,6980.0,6922.0,6975.4
2021-07-23,6981.8,6998.6,6921.0,6947.0
2021-07-26,6939.8,6964.0,6760.6,6827.2
2021-07-27,6846.6,6884.0,6707.2,6719.4
2021-07-28,6731.8,6731.8,6562.8,6628.0
2021-07-29,6710.6,6748.8,6661.2,6736.8
2021-07-30,6724.8,6760.0,6679.8,6758.6
2021-08-02,6755.6,6845.0,6718.2,6833.8
2021-08-03,6782.0,6800.4,6736.6,6751.4
2021-08-04,6752.0,6840.0,6751.0,6820.4
2021-08-05,6804.8,6843.0,6782.6,6820.2
2021-08-06,6835.0,6850.6,6800.0,6850.2
2021-08-09,6827.0,6894.0,6797.8,6864.4
2021-08-10,6866.0,6915.0,6857.6,6911.6
2021-08-11,6917.8,6962.4,6893.6,6941.2
2021-08-12,6927.0,7028.0,6926.6,6997.2
2021-08-13,6977.0,7028.0,6957.2,7026.2
2021-08-16,7050.0,7050.0,6964.6,6996.6
2021-08-17,6972.2,7000.2,6834.0,6858.2
2021-08-18,6855.0,6905.8,6824.0,6874.4
2021-08-19,6851.6,6901.8,6796.8,6885.0
2021-08-20,6884.6,6890.0,6789.4,6861.8
2021-08-23,6892.0,6977.0,6890.0,6946.8
2021-08-24,6945.6,7033.0,6932.8,7024.4
2021-08-25,7023.0,7070.0,6991.8,7061.6
2021-08-26,7065.2,7101.8,7035.0,7061.2
2021-08-27,7035.2,7124.2,7030.6,7106.8
2021-08-30,7130.0,7182.2,7100.0,7123.2
2021-08-31,7130.0,7168.4,7085.0,7155.2
2021-09-01,7172.0,7184.0,7037.6,7119.0
2021-09-02,7095.2,7229.0,7095.2,7218.8
2021-09-03,7245.0,7285.4,7163.8,7217.0
2021-09-06,7221.0,7274.0,7182.2,7258.6
2021-09-07,7265.0,7454.2,7255.0,7444.8
2021-09-08,7445.0,7503.6,7442.0,7482.4
2021-09-09,7481.2,7567.8,7466.0,7560.8
2021-09-10,7551.2,7624.0,7534.2,7593.8
2021-09-13,7608.8,7618.0,7531.8,7596.4
2021-09-14,7573.2,7680.2,7513.0,7545.2
2021-09-15,7544.4,7624.0,7515.0,7571.8
2021-09-16,7559.0,7588.0,7350.0,7363.4
2021-09-17,7350.0,7415.8,7238.2,7321.0
2021-09-22,7280.2,7402.2,7256.6,7385.8
2021-09-23,7438.2,7467.4,7377.0,7425.0
2021-09-24,7412.2,7438.0,7350.2,7370.0
2021-09-27,7390.0,7397.8,7135.4,7178.2
2021-09-28,7180.6,7220.8,7152.2,7187.0
2021-09-29,7139.8,7162.0,7008.2,7047.0
2021-09-30,7066.4,7110.8,7039.2,7095.2
2021-10-08,7169.0,7198.8,7045.8,7081.4
2021-10-11,7082.8,7129.6,7040.2,7083.0
2021-10-12,7062.6,7089.2,6903.2,6946.2
2021-10-13,6953.2,7006.2,6900.0,6981.0
2021-10-14,6925.2,6989.6,6901.4,6960.4
2021-10-15,6961.0,7020.6,6933.8,7019.8
2021-10-18,7009.0,7033.0,6945.2,7021.0
2021-10-19,7012.6,7091.6,6998.8,7070.0
2021-10-20,7031.0,7118.8,7020.0,7075.6
2021-10-21,7090.0,7103.6,7012.8,7054.0
2021-10-22,7051.2,7075.0,6992.0,7004.2
2021-10-25,7002.0,7071.0,6979.2,7059.0
2021-10-26,7075.8,7125.0,7030.0,7063.6
2021-10-27,7046.0,7064.0,6966.2,6998.0
2021-10-28,6988.0,7003.4,6916.0,6941.0
2021-10-29,6942.0,7017.8,6913.6,7015.4
2021-11-01,6996.2,7072.6,6986.0,7043.6
2021-11-02,7005.0,7051.0,6875.0,6946.8
2021-11-03,6938.0,7006.0,6932.0,6969.0
2021-11-04,6988.0,7034.0,6977.0,7025.0
2021-11-05,7025.0,7039.6,6964.0,6974.0
2021-11-08,6973.0,7012.0,6945.2,6996.8
2021-11-09,7010.2,7059.0,6996.0,7039.0
2021-11-10,7030.0,7039.0,6924.0,7018.0
2021-11-11,7002.0,7082.8,7002.0,7076.0
2021-11-12,7072.2,7140.0,7072.2,7128.8
2021-11-15,7141.4,7161.8,7050.6,7077.8
2021-11-16,7074.2,7103.0,7017.0,7030.0
2021-11-17,7030.0,7076.4,7015.4,7069.0
2021-11-18,7066.0,7107.0,7022.4,7056.0
2021-11-19,7056.0,7172.4,7047.8,7170.0
2021-11-22,7175.0,7238.0,7174.6,7210.2
2021-11-23,7208.0,7253.0,7206.6,7225.0
2021-11-24,7223.8,7253.0,7206.2,7221.4
2021-11-25,7221.4,7235.2,7200.2,7218.0
2021-11-26,7201.6,7235.0,7163.8,7196.4
2021-11-29,7136.4,7219.8,7136.4,7215.2
2021-11-30,7235.0,7259.4,7184.2,7221.2
2021-12-01,7214.2,7271.0,7201.6,7267.2
2021-12-02,7251.6,7263.0,7190.0,7215.2
2021-12-03,7215.0,7288.0,7206.8,7288.0
2021-12-06,7286.8,7296.6,7212.2,7215.2
2021-12-07,7240.6,7246.6,7132.2,7177.2
2021-12-08,7190.6,7282.8,7186.4,7277.6
2021-12-09,7272.0,7330.0,7264.4,7302.4
2021-12-10,7288.2,7336.6,7276.0,7322.0
2021-12-13,7345.2,7369.0,7313.8,7334.6
2021-12-14,7322.8,7354.0,7318.8,7332.2
2021-12-15,7330.4,7359.0,7303.0,7314.6
2021-12-16,7294.6,7358.8,7294.6,7353.0
2021-12-17,7352.8,7358.6,7285.0,7316.0
2021-12-20,7295.0,7314.0,7205.0,7230.0
2021-12-21,7223.6,7305.0,7223.0,7268.8
2021-12-22,7281.0,7316.6,7272.2,7297.0
2021-12-23,7301.8,7365.0,7285.6,7342.8
2021-12-24,7340.8,7345.4,7272.0,7309.4
2021-12-27,7299.8,7349.8,7290.2,7298.4
2021-12-28,7306.4,7318.8,7260.6,7310.0
2021-12-29,7301.0,7315.8,7275.0,7291.2
2021-12-30,7289.6,7356.2,7284.6,7342.8
2021-12-31,7344.0,7404.0,7344.0,7371.8
2022-01-04,7397.0,7399.6,7317.8,7371.0
2022-01-05,7360.0,7363.8,7214.4,7221.8
2022-01-06,7195.6,7239.8,7167.6,7225.2
2022-01-07,7229.6,7255.6,7183.0,7192.0
2022-01-10,7181.2,7205.0,7140.0,7191.0
2022-01-11,7191.4,7222.4,7130.2,7157.8
2022-01-12,7175.2,7209.6,7156.6,7200.0
2022-01-13,7209.2,7212.6,7110.8,7118.8
2022-01-14,7086.4,7147.2,7066.4,7088.4
2022-01-17,7092.0,7182.8,7090.0,7154.6
2022-01-18,7165.6,7191.8,7132.2,7166.0
2022-01-19,7160.2,7196.6,7083.0,7122.2
2022-01-20,7130.0,7159.8,7057.2,7085.8
2022-01-21,7072.2,7077.0,6988.8,7009.2
2022-01-24,6974.0,7024.8,6942.2,7004.2
2022-01-25,6990.0,6994.4,6752.2,6762.2
2022-01-26,6789.8,6810.0,6747.2,6786.2
2022-01-27,6772.2,6790.0,6603.8,6622.0
2022-01-28,6674.2,6681.6,6498.0,6561.0
2022-02-07,6650.0,6697.0,6638.0,6661.6
2022-02-08,6638.4,6734.0,6580.6,6731.2
2022-02-09,6725.0,6833.0,6717.2,6820.2
2022-02-10,6823.0,6845.0,6785.0,6819.6
2022-02-11,6798.2,6830.0,6722.0,6747.8
2022-02-14,6710.0,6773.4,6675.2,6698.0
2022-02-15,6705.0,6764.2,6681.2,6756.6
2022-02-16,6780.0,6789.4,6740.0,6768.0
2022-02-17,6760.2,6804.4,6723.4,6764.0
2022-02-18,6737.6,6836.8,6733.2,6829.4
2022-02-21,6834.8,6864.6,6810.0,6843.2
2022-02-22,6813.0,6816.6,6730.0,6785.6
2022-02-23,6785.6,6885.2,6785.0,6885.2
2022-02-24,6855.0,6887.6,6695.6,6773.6
2022-02-25,6818.8,6910.8,6800.6,6818.2
2022-02-28,6818.0,6857.0,6767.2,6848.0
2022-03-01,6867.4,6891.0,6824.0,6858.6
2022-03-02,6839.0,6877.0,6812.2,6867.4
2022-03-03,6898.2,6909.6,6829.0,6853.4
2022-03-04,6815.0,6877.8,6784.0,6817.0
2022-03-07,6786.8,6786.8,6623.0,6660.6
2022-03-08,6655.6,6666.6,6383.6,6395.8
2022-03-09,6422.4,6445.6,5995.8,6280.8
2022-03-10,6409.0,6456.0,6357.8,6376.2
2022-03-11,6300.0,6488.2,6233.0,6481.2
2022-03-14,6423.4,6495.0,6312.0,6312.6
2022-03-15,6261.0,6283.0,5864.2,5903.0
2022-03-16,6041.8,6175.2,5792.0,6153.2
2022-03-17,6227.0,6345.0,6195.0,6225.2
2022-03-18,6201.2,6320.8,6188.0,6293.0
2022-03-21,6293.2,6347.2,6212.2,6304.6
2022-03-22,6287.4,6377.6,6253.4,6308.0
2022-03-23,6325.0,6389.6,6302.0,6352.6
2022-03-24,6327.2,6349.0,6276.6,6299.8
2022-03-25,6306.0,6342.2,6208.4,6211.0
2022-03-28,6170.0,6296.6,6122.6,6258.8
2022-03-29,6260.0,6289.8,6196.4,6216.0
2022-03-30,6245.0,6378.0,6243.0,6375.0
2022-03-31,6358.0,6370.2,6301.0,6318.6
2022-04-01,6287.0,6377.0,6278.2,6368.4
2022-04-06,6355.0,6358.0,6256.2,6349.0
2022-04-07,6316.6,6350.8,6186.8,6195.4
2022-04-08,6200.0,6214.6,6079.4,6210.0
2022-04-11,6158.0,6169.0,5980.2,6007.0
2022-04-12,6003.2,6144.2,5951.4,6130.4
2022-04-13,6094.4,6124.8,6031.2,6045.0
2022-04-14,6041.8,6134.0,6023.6,6087.4
2022-04-15,6049.4,6084.6,6000.8,6018.0
2022-04-18,5966.0,6077.4,5919.8,6051.0
2022-04-19,6040.4,6087.8,6021.2,6066.6
2022-04-20,6065.8,6082.4,5902.0,5904.2
2022-04-21,5901.0,5936.6,5692.8,5719.4
2022-04-22,5693.0,5765.6,5614.4,5686.6
2022-04-25,5561.8,5616.8,5286.0,5316.8
2022-04-26,5338.2,5412.0,5151.2,5170.8
2022-04-27,5137.4,5414.6,5117.4,5414.4
2022-04-28,5390.2,5426.0,5277.4,5393.0
2022-04-29,5434.0,5627.6,5391.4,5619.0
2022-05-05,5597.6,5701.8,5590.0,5652.2
2022-05-06,5500.0,5554.8,5451.2,5458.6
2022-05-09,5428.6,5539.8,5428.6,5495.2
2022-05-10,5435.2,5638.2,5389.4,5624.0
2022-05-11,5631.0,5799.6,5613.0,5657.8
2022-05-12,5639.0,5724.4,5611.0,5670.4
2022-05-13,5737.8,5743.4,5659.2,5740.2
2022-05-16,5762.0,5805.0,5671.6,5701.0
2022-05-17,5709.4,5746.2,5656.6,5746.0
2022-05-18,5744.8,5787.0,5703.6,5722.0
2022-05-19,5663.0,5783.0,5642.4,5781.2
2022-05-20,5802.0,5893.6,5777.0,5891.2
2022-05-23,5893.4,5914.8,5842.6,5888.0
2022-05-24,5876.8,5891.8,5666.0,5678.2
2022-05-25,5688.2,5774.6,5668.4,5768.6
2022-05-26,5759.0,5873.0,5676.4,5852.8
2022-05-27,5888.0,5911.6,5802.0,5845.0
2022-05-30,5865.0,5877.6,5804.6,5872.4
2022-05-31,5862.6,5997.8,5820.0,5975.0
2022-06-01,5955.6,6001.0,5916.0,5970.0
2022-06-02,5948.2,6059.8,5932.4,6050.2
2022-06-06,6048.6,6186.4,6031.2,6157.8
2022-06-07,6145.4,6172.4,6120.8,6148.0
2022-06-08,6159.0,6214.0,6090.0,6190.0
2022-06-09,6181.4,6191.0,6054.4,6119.8
2022-06-10,6080.0,6260.0,6077.0,6250.4
2022-06-13,6202.0,6248.8,6156.8,6217.8
2022-06-14,6160.0,6288.0,6044.6,6281.2
2022-06-15,6281.8,6413.8,6245.6,6251.6
2022-06-16,6238.0,6298.0,6204.2,6211.6
2022-06-17,6183.6,6305.0,6121.0,6282.4
2022-06-20,6288.8,6328.6,6217.2,6265.0
2022-06-21,6265.6,6288.8,6171.6,6224.2
2022-06-22,6227.4,6237.8,6105.0,6115.2
2022-06-23,6135.2,6278.2,6104.0,6273.2
2022-06-24,6276.0,6361.8,6267.8,6348.6
2022-06-27,6373.8,6431.2,6356.0,6363.6
2022-06-28,6373.8,6496.0,6359.0,6477.0
2022-06-29,6468.0,6482.6,6353.4,6382.2
2022-06-30,6390.0,6472.2,6390.0,6425.8
2022-07-01,6426.0,6464.0,6398.6,6413.2
2022-07-04,6405.0,6496.4,6363.4,6491.8
2022-07-05,6518.8,6532.4,6400.2,6476.4
2022-07-06,6450.0,6476.8,6335.0,6401.6
2022-07-07,6399.8,6473.8,6365.4,6421.6
2022-07-08,6450.8,6468.8,6382.4,6383.2
2022-07-11,6365.0,6367.8,6260.0,6303.8
2022-07-12,6305.0,6338.0,6218.2,6225.6
2022-07-13,6239.8,6274.8,6201.0,6240.2
2022-07-14,6205.8,6295.8,6192.6,6266.4
2022-07-15,6265.0,6292.0,6140.0,6142.4
2022-07-18,6156.8,6291.8,6156.8,6270.0
2022-07-19,6275.0,6309.0,6233.0,6287.4
2022-07-20,6311.0,6394.6,6311.0,6373.0
2022-07-21,6362.2,6377.8,6306.4,6310.2
2022-07-22,6328.2,6347.0,6176.6,6244.8
2022-07-25,6250.2,6279.8,6142.6,6173.6
2022-07-26,6191.0,6296.6,6175.4,6273.4
2022-07-27,6267.6,6317.0,6244.0,6298.0
2022-07-28,6335.0,6381.0,6298.0,6305.6
2022-07-29,6320.0,6343.8,6245.4,6255.2
2022-08-01,6254.0,6318.0,6211.2,6311.4
2022-08-02,6226.8,6226.8,6026.0,6138.4
2022-08-03,6161.0,6231.0,6051.6,6073.2
2022-08-04,6102.2,6122.0,6012.0,6087.6
2022-08-05,6100.6,6231.2,6096.4,6220.0
2022-08-08,6207.0,6268.4,6200.0,6258.2
2022-08-09,6260.0,6279.4,6223.2,6273.6
2022-08-10,6260.4,6299.2,6225.2,6254.0
2022-08-11,6347.2,6400.6,6280.4,6389.8
2022-08-12,6389.0,6414.0,6374.2,6386.6
2022-08-15,6374.0,6439.0,6360.0,6398.4
2022-08-16,6409.0,6469.0,6393.8,6424.0
2022-08-17,6425.0,6479.0,6384.4,6463.6
2022-08-18,6453.6,6459.0,6412.0,6439.0
2022-08-19,6438.2,6457.0,6347.0,6350.2
2022-08-22,6348.0,6450.0,6317.8,6428.6
2022-08-23,6425.8,6436.2,6388.6,6432.0
2022-08-24,6437.0,6442.4,6221.2,6247.4
2022-08-25,6252.2,6284.8,6197.0,6278.4
2022-08-26,6290.0,6339.6,6240.4,6269.0
2022-08-29,6195.0,6291.8,6184.2,6272.0
2022-08-30,6270.2,6282.8,6212.4,6267.0
2022-08-31,6247.0,6265.6,6117.2,6139.4
2022-09-01,6134.0,6194.0,6092.6,6115.0
2022-09-02,6130.0,6169.6,6106.0,6130.2
2022-09-05,6124.6,6174.6,6100.0,6158.4
2022-09-06,6178.0,6279.2,6172.8,6272.6
2022-09-07,6258.0,6304.8,6247.0,6293.0
2022-09-08,6290.2,6304.4,6265.2,6269.6
2022-09-09,6281.0,6328.8,6253.2,6314.6
2022-09-13,6325.0,6355.0,6285.2,6292.6
2022-09-14,6215.0,6279.0,6215.0,6252.8
2022-09-15,6241.0,6250.0,6020.0,6068.0
2022-09-16,6055.0,6079.6,5901.4,5918.0
2022-09-19,5918.0,5931.2,5835.8,5876.8
2022-09-20,5915.2,5984.6,5900.2,5918.6
2022-09-21,5903.6,5976.8,5848.6,5949.2
2022-09-22,5915.0,5992.4,5907.8,5938.6
2022-09-23,5946.8,5957.0,5800.2,5873.4
2022-09-26,5830.0,5929.8,5793.6,5804.4
2022-09-27,5824.8,5927.0,5805.2,5912.6
2022-09-28,5901.0,5912.0,5769.0,5772.0
2022-09-29,5825.0,5866.0,5743.0,5790.8
2022-09-30,5786.0,5816.4,5705.4,5710.2
2022-10-10,5730.2,5772.0,5617.4,5639.8
2022-10-11,5650.0,5715.4,5621.0,5682.8
2022-10-12,5688.0,5830.2,5586.8,5812.8
2022-10-13,5794.4,5878.4,5792.4,5830.2
2022-10-14,5889.2,6012.4,5867.0,5983.8
2022-10-17,5966.4,6036.0,5951.0,6002.4
2022-10-18,6022.6,6080.0,5992.0,6035.2
2022-10-19,6026.8,6048.2,5972.0,5981.2
2022-10-20,5920.6,6026.4,5855.2,5938.0
2022-10-21,5948.0,5985.2,5902.2,5943.8
2022-10-24,5943.4,6082.0,5830.2,5897.2
2022-10-25,5889.0,5936.8,5780.0,5863.6
2022-10-26,5871.2,6035.2,5868.6,5975.8
2022-10-27,5999.0,6039.8,5963.6,5971.2
2022-10-28,5946.0,5952.4,5745.8,5771.0
2022-10-31,5765.0,5874.6,5741.0,5805.0
2022-11-01,5821.0,5974.4,5786.2,5965.4
2022-11-02,5925.0,6022.8,5925.0,5991.0
2022-11-03,5960.0,6013.0,5952.6,5990.4
2022-11-04,6000.6,6172.0,5994.6,6147.0
2022-11-07,6136.8,6173.0,6093.4,6131.0
2022-11-08,6135.2,6144.8,6101.0,6142.8
2022-11-09,6145.4,6192.2,6117.0,6124.4
2022-11-10,6100.0,6125.6,6062.6,6102.8
2022-11-11,6243.4,6276.2,6140.0,6142.0
2022-11-14,6179.6,6212.0,6113.0,6131.4
2022-11-15,6132.8,6246.8,6126.2,6232.4
2022-11-16,6236.2,6266.8,6197.4,6212.4
2022-11-17,6190.0,6229.2,6155.8,6226.8
2022-11-18,6228.2,6272.2,6200.8,6215.6
2022-11-21,6173.6,6218.0,6138.2,6204.2
2022-11-22,6200.0,6206.0,6107.8,6136.6
2022-11-23,6129.0,6162.0,6056.8,6128.6
2022-11-24,6158.2,6168.6,6103.0,6133.4
2022-11-25,6124.0,6127.4,6065.6,6096.2
2022-11-28,6013.0,6080.0,5976.2,6074.8
2022-11-29,6095.4,6204.8,6095.0,6172.8
2022-11-30,6162.8,6194.8,6132.0,6163.8
2022-12-01,6237.0,6256.0,6190.0,6190.0
2022-12-02,6182.0,6234.2,6173.2,6176.0
2022-12-05,6219.8,6230.6,6186.0,6209.6
2022-12-06,6200.2,6265.6,6183.8,6214.6
2022-12-07,6205.0,6255.0,6183.0,6201.2
2022-12-08,6205.2,6214.4,6166.4,6192.2
2022-12-09,6197.4,6231.8,6156.2,6204.2
2022-12-12,6194.8,6197.6,6141.8,6169.6
2022-12-13,6172.4,6174.0,6123.4,6137.0
2022-12-14,6139.2,6158.8,6088.0,6104.0
2022-12-15,6100.0,6129.0,6082.0,6105.6
2022-12-16,6081.0,6108.8,6049.4,6106.0
2022-12-19,6087.8,6111.6,5928.0,5971.8
2022-12-20,5956.4,5958.4,5882.4,5897.4
2022-12-21,5904.8,5914.4,5825.6,5865.8
2022-12-22,5889.8,5897.8,5769.2,5802.0
2022-12-23,5787.0,5838.0,5752.6,5791.8
2022-12-26,5796.4,5883.0,5795.6,5860.6
2022-12-27,5907.4,5909.4,5845.6,5897.6
2022-12-28,5887.0,5905.0,5863.2,5882.4
2022-12-29,5871.0,5922.2,5848.8,5869.4
2022-12-30,5885.0,5900.0,5856.6,5870.8
2023-01-03,5854.6,5982.4,5850.2,5958.8
2023-01-04,5958.6,5973.4,5924.2,5957.0
2023-01-05,5978.0,6035.2,5954.4,6019.4
2023-01-06,6012.0,6066.8,6006.8,6024.2
2023-01-09,6049.2,6084.6,6033.2,6033.6
2023-01-10,6046.8,6064.0,6019.2,6051.8
2023-01-11,6050.2,6080.0,6013.0,6025.2
2023-01-12,6035.0,6064.0,6005.8,6021.6
2023-01-13,6040.2,6082.0,6024.0,6082.0
2023-01-16,6088.0,6194.6,6086.0,6132.0
2023-01-17,6143.0,6157.6,6126.8,6137.2
2023-01-18,6149.0,6183.4,6144.8,6153.4
2023-01-19,6167.0,6240.2,6150.4,6235.8
2023-01-20,6256.6,6281.4,6244.4,6276.2
2023-01-30,6356.0,6378.0,6280.0,6282.6
2023-01-31,6280.0,6328.6,6272.6,6302.0
2023-02-01,6313.0,6374.2,6300.6,6361.0
2023-02-02,6373.2,6412.0,6346.6,6371.2
2023-02-03,6355.0,6360.0,6274.0,6339.4
2023-02-06,6291.6,6330.6,6269.0,6305.8
2023-02-07,6326.0,6328.0,6260.2,6315.8
2023-02-08,6322.0,6326.6,6240.0,6262.8
2023-02-09,6241.0,6365.6,6241.0,6360.0
2023-02-10,6355.0,6366.8,6281.0,6337.4
2023-02-13,6326.4,6383.4,6321.2,6360.8
2023-02-14,6369.8,6399.2,6352.2,6381.8
2023-02-15,6387.4,6397.6,6343.2,6366.0
2023-02-16,6368.8,6428.2,6243.0,6286.4
2023-02-17,6294.4,6309.0,6222.2,6236.6
2023-02-20,6250.0,6335.8,6208.0,6327.6
2023-02-21,6334.8,6387.8,6321.2,6355.0
2023-02-22,6335.0,6387.6,6333.2,6363.0
2023-02-23,6367.2,6380.8,6304.4,6351.8
2023-02-24,6358.2,6365.6,6276.0,6339.4
2023-02-27,6322.2,6332.0,6261.2,6302.6
2023-02-28,6321.2,6356.8,6275.2,6345.8
2023-03-01,6350.8,6406.0,6331.0,6387.0
2023-03-02,6389.8,6408.0,6363.0,6381.0
2023-03-03,6391.4,6397.8,6332.2,6372.6
2023-03-06,6372.0,6396.4,6336.8,6364.0
2023-03-07,6364.0,6375.0,6275.0,6276.6
2023-03-08,6258.0,6304.4,6256.2,6288.0
2023-03-09,6300.0,6300.0,6244.0,6278.2
2023-03-10,6246.2,6262.4,6190.0,6203.0
2023-03-13,6204.2,6244.0,6175.0,6241.8
2023-03-14,6234.2,6242.2,6131.8,6197.0
2023-03-15,6218.0,6258.8,6212.0,6228.4
2023-03-16,6192.6,6203.4,6122.2,6134.0
2023-03-17,6177.2,6243.8,6157.0,6177.4
2023-03-20,6199.0,6207.4,6151.0,6165.2
2023-03-21,6180.0,6238.8,6180.0,6226.2
2023-03-22,6244.0,6268.6,6238.2,6264.2
2023-03-23,6253.0,6299.0,6249.4,6298.8
2023-03-24,6299.0,6312.8,6280.2,6308.6
2023-03-27,6304.2,6315.8,6262.4,6296.2
2023-03-28,6296.0,6318.6,6271.0,6287.8
2023-03-29,6303.0,6307.8,6250.0,6261.2
2023-03-30,6267.0,6304.0,6227.0,6303.0
2023-03-31,6309.8,6349.4,6296.6,6347.0
2023-04-03,6357.2,6429.6,6353.0,6406.0
2023-04-04,6412.0,6417.2,6382.2,6415.0
2023-04-06,6400.0,6427.2,6391.0,6411.4
2023-04-07,6419.0,6471.8,6408.4,6457.0
2023-04-10,6469.0,6471.4,6405.2,6420.4
2023-04-11,6423.0,6433.6,6395.2,6416.0
2023-04-12,6410.0,6442.0,6410.0,6436.2
2023-04-13,6429.0,6441.2,6402.2,6408.0
2023-04-14,6422.0,6451.6,6401.8,6423.8
2023-04-17,6417.2,6460.4,6410.6,6454.4
2023-04-18,6453.4,6455.0,6415.0,6439.0
2023-04-19,6439.0,6453.4,6400.0,6414.6
2023-04-20,6396.8,6396.8,6366.4,6389.0
2023-04-21,6384.4,6393.4,6239.0,6240.6
2023-04-24,6245.4,6253.4,6180.2,6204.0
2023-04-25,6210.0,6210.0,6037.4,6108.6
2023-04-26,6096.8,6162.2,6095.0,6131.6
2023-04-27,6124.0,6198.0,6121.0,6171.4
2023-04-28,6171.6,6259.6,6171.6,6254.6
2023-05-04,6239.6,6256.6,6226.0,6256.6
2023-05-05,6232.0,6234.0,6141.0,6173.6
2023-05-08,6180.0,6238.0,6170.4,6207.0
2023-05-09,6200.0,6239.0,6149.8,6149.8
2023-05-10,6140.0,6184.8,6120.4,6146.2
2023-05-11,6155.6,6170.0,6122.0,6125.8
2023-05-12,6119.6,6157.8,6060.0,6063.8
2023-05-15,6065.8,6142.0,6023.2,6136.0
2023-05-16,6131.2,6137.6,6073.8,6094.6
2023-05-17,6111.0,6124.0,6071.4,6092.6
2023-05-18,6100.0,6131.2,6072.2,6101.4
2023-05-19,6093.0,6138.0,6060.4,6108.8
2023-05-22,6107.0,6128.8,6064.4,6093.8
2023-05-23,6093.0,6104.6,6030.2,6030.4
2023-05-24,6016.2,6049.8,5977.6,5992.8
2023-05-25,5994.2,6022.8,5904.0,5966.6
2023-05-26,5961.0,6037.0,5937.0,6022.6
2023-05-29,6040.0,6054.6,5987.4,6015.8
2023-05-30,6005.6,6056.0,5952.0,6047.6
2023-05-31,6029.8,6054.8,5992.2,6033.6
2023-06-01,6018.0,6088.6,6003.4,6047.0
2023-06-02,6070.8,6113.4,6064.8,6096.4
2023-06-05,6094.6,6096.0,6065.0,6080.0
2023-06-06,6077.2,6077.8,5956.8,5962.0
2023-06-07,5972.0,6003.4,5959.4,5971.0
2023-06-08,5965.0,5990.8,5914.6,5959.2
2023-06-09,5963.4,6017.6,5955.8,6009.4
2023-06-12,5999.4,6045.8,5992.0,6016.0
2023-06-13,6010.8,6046.6,6007.2,6040.0
2023-06-14,6042.4,6064.0,6029.2,6042.8
2023-06-15,6038.0,6091.8,6030.0,6077.2
2023-06-16,6080.0,6146.6,6078.0,6133.8
2023-06-19,6129.2,6137.6,6105.2,6109.8
2023-06-20,6107.4,6126.8,6089.0,6106.2
2023-06-21,6088.8,6091.6,5974.0,5979.2
2023-06-26,5950.0,5967.0,5873.6,5890.0
2023-06-27,5900.6,5938.2,5883.0,5923.0
2023-06-28,5918.0,5934.2,5836.2,5931.6
2023-06-29,5925.0,5945.6,5903.4,5926.4
2023-06-30,5917.8,6008.0,5914.2,5992.8
2023-07-03,5999.6,6047.4,5985.6,6020.4
2023-07-04,6020.2,6039.0,6014.8,6037.4
2023-07-05,6029.2,6037.0,5993.0,6007.2
2023-07-06,5997.6,6036.4,5962.4,5966.6
2023-07-07,5955.0,5973.6,5920.0,5951.0
2023-07-10,5979.0,5998.4,5941.4,5968.2
2023-07-11,5980.4,6027.0,5966.6,6019.6
2023-07-12,6025.0,6028.8,5954.6,5958.8
2023-07-13,5985.0,6054.0,5985.0,6051.2
2023-07-14,6058.6,6062.4,6023.2,6026.2
2023-07-17,6011.2,6016.6,5971.2,6006.6
2023-07-18,6007.6,6025.0,5972.6,5997.4
2023-07-19,5997.6,6015.8,5961.2,5993.2
2023-07-20,5992.0,6006.0,5910.6,5918.6
2023-07-21,5908.0,5967.2,5907.2,5925.4
2023-07-24,5909.0,5959.0,5897.0,5916.4
2023-07-25,5987.6,6027.0,5980.6,6019.6
2023-07-26,6015.4,6019.4,5985.4,6005.0
2023-07-27,6006.0,6018.0,5950.0,5964.0
2023-07-28,5951.0,6063.4,5936.6,6052.2
2023-07-31,6095.0,6159.0,6070.4,6094.4
2023-08-01,6100.0,6128.8,6091.6,6099.0
2023-08-02,6088.8,6118.6,6056.0,6076.0
2023-08-03,6056.2,6093.4,6043.4,6090.0
2023-08-04,6130.0,6172.2,6101.0,6125.0
2023-08-07,6115.0,6133.0,6092.0,6109.8
2023-08-08,6096.6,6102.8,6060.0,6087.4
2023-08-09,6070.0,6088.0,6037.4,6046.8
2023-08-10,6046.8,6060.8,6015.0,6039.2
2023-08-11,6046.0,6046.0,5910.4,5911.0
2023-08-14,5859.0,5928.0,5841.8,5917.8
2023-08-15,5935.0,5940.2,5836.6,5887.8
2023-08-16,5868.0,5895.0,5842.2,5843.4
2023-08-17,5825.0,5899.0,5791.0,5882.0
2023-08-18,5886.0,5907.6,5783.6,5787.0
2023-08-21,5774.4,5819.6,5700.0,5714.8
2023-08-22,5742.8,5759.0,5652.4,5731.2
2023-08-23,5723.2,5729.0,5621.8,5637.6
2023-08-24,5659.0,5712.0,5627.8,5650.2
2023-08-25,5630.0,5660.0,5557.0,5587.8
2023-08-28,5903.0,5904.0,5622.4,5647.2
2023-08-29,5640.0,5816.0,5638.0,5771.2
2023-08-30,5791.0,5828.4,5756.8,5770.6
2023-08-31,5770.0,5794.0,5728.8,5742.4
2023-09-01,5758.8,5784.0,5734.8,5751.0
2023-09-04,5785.2,5840.0,5761.2,5833.8
2023-09-05,5824.0,5831.4,5775.6,5787.4
2023-09-06,5777.0,5813.8,5740.6,5786.2
2023-09-07,5770.0,5779.0,5693.2,5701.6
2023-09-08,5690.0,5725.2,5684.0,5697.0
2023-09-11,5711.4,5806.0,5690.6,5760.0
2023-09-12,5765.8,5789.2,5754.2,5769.0
2023-09-13,5759.8,5772.0,5677.0,5712.4
2023-09-14,5702.0,5713.4,5670.0,5706.8
2023-09-15,5713.8,5744.4,5673.6,5714.0
2023-09-18,5698.0,5755.0,5666.0,5731.6
2023-09-19,5733.0,5733.0,5680.0,5707.6
2023-09-20,5692.0,5707.0,5667.0,5668.6
2023-09-21,5653.2,5685.6,5618.0,5622.8
2023-09-22,5622.4,5727.0,5618.0,5726.6
2023-09-25,5722.0,5722.0,5666.0,5687.2
2023-09-26,5681.0,5698.2,5668.4,5671.8
2023-09-27,5670.8,5728.6,5667.6,5700.0
2023-09-28,5720.2,5723.8,5691.0,5695.0
2023-10-09,5690.0,5696.0,5634.6,5658.2
2023-10-10,5680.0,5699.4,5628.8,5635.4
2023-10-11,5655.0,5689.4,5614.0,5621.2
2023-10-12,5663.0,5679.0,5641.0,5665.8
2023-10-13,5646.0,5648.0,5620.0,5643.8
2023-10-16,5643.6,5645.8,5564.0,5586.2
2023-10-17,5591.8,5596.0,5556.2,5589.4
2023-10-18,5578.2,5587.0,5515.0,5527.4
2023-10-19,5512.2,5537.8,5425.0,5472.0
2023-10-20,5461.6,5479.0,5405.8,5428.6
2023-10-23,5411.0,5412.4,5235.2,5267.0
2023-10-24,5289.6,5351.0,5262.0,5315.8
2023-10-25,5379.0,5413.0,5347.2,5347.8
2023-10-26,5327.8,5403.8,5326.8,5379.4
2023-10-27,5364.0,5516.6,5363.2,5487.0
2023-10-30,5477.6,5557.6,5476.0,5527.8
2023-10-31,5534.6,5544.4,5492.0,5515.4
2023-11-01,5523.6,5528.8,5477.4,5507.2
2023-11-02,5512.0,5525.0,5447.8,5455.0
2023-11-03,5468.0,5544.6,5463.0,5498.6
2023-11-06,5537.2,5605.4,5537.2,5591.0
2023-11-07,5581.2,5626.8,5567.4,5594.4
2023-11-08,5587.6,5620.6,5560.2,5587.8
2023-11-09,5578.6,5630.4,5562.0,5576.6
2023-11-10,5554.0,5565.0,5529.4,5552.0
2023-11-13,5579.6,5583.2,5533.0,5579.6
2023-11-14,5587.0,5621.8,5572.0,5593.8
2023-11-15,5662.4,5668.8,5605.6,5630.8
2023-11-16,5622.0,5627.2,5576.4,5580.2
2023-11-17,5570.0,5604.6,5562.0,5591.6
2023-11-20,5597.2,5646.0,5557.0,5633.0
2023-11-21,5648.4,5679.6,5604.2,5617.2
2023-11-22,5606.6,5627.2,5545.0,5550.8
2023-11-23,5546.0,5619.4,5521.0,5612.4
2023-11-24,5598.0,5599.4,5531.0,5550.8
2023-11-27,5545.0,5565.4,5505.4,5546.4
2023-11-28,5540.6,5577.4,5492.2,5561.8
2023-11-29,5559.0,5569.6,5517.0,5539.2
2023-11-30,5530.6,5542.0,5481.4,5518.2
2023-12-01,5520.0,5557.8,5485.2,5536.0
2023-12-04,5545.0,5565.0,5521.4,5522.2
2023-12-05,5511.0,5514.4,5427.2,5436.2
2023-12-06,5430.0,5505.0,5416.8,5467.4
2023-12-07,5458.8,5499.4,5414.4,5477.0
2023-12-08,5481.0,5524.0,5474.2,5498.4
2023-12-11,5484.4,5588.0,5433.0,5558.2
2023-12-12,5548.8,5577.0,5543.4,5570.2
2023-12-13,5558.0,5559.8,5506.4,5513.6
2023-12-14,5513.2,5541.6,5459.0,5470.0
2023-12-15,5494.4,5513.0,5410.2,5431.2
2023-12-18,5420.2,5437.6,5368.6,5383.8
2023-12-19,5375.2,5406.8,5342.0,5373.2
2023-12-20,5390.0,5391.4,5310.2,5320.2
2023-12-21,5303.0,5366.6,5259.0,5335.6
2023-12-22,5333.6,5371.0,5288.2,5322.4
2023-12-25,5323.0,5359.0,5294.2,5316.2
2023-12-26,5313.0,5313.6,5241.0,5270.4
2023-12-27,5272.2,5301.6,5232.4,5282.8
2023-12-28,5277.8,5404.8,5271.0,5388.0
2023-12-29,5385.8,5454.2,5384.2,5431.8
2024-01-02,5431.8,5438.8,5392.8,5394.2
2024-01-03,5383.0,5421.4,5362.0,5388.6
2024-01-04,5382.4,5384.0,5314.0,5347.8
2024-01-05,5338.0,5361.0,5258.0,5282.2
2024-01-08,5275.6,5275.6,5124.4,5130.6
2024-01-09,5141.2,5208.8,5129.0,5155.0
2024-01-10,5142.0,5207.8,5087.0,5138.8
2024-01-11,5138.8,5246.8,5129.4,5209.6
2024-01-12,5196.0,5256.6,5186.8,5188.6
2024-01-15,5169.0,5238.0,5155.0,5178.2
2024-01-16,5175.2,5198.8,5105.4,5173.4
2024-01-17,5162.0,5165.2,5000.2,5017.8
2024-01-18,4963.2,4997.0,4796.2,4983.4
2024-01-19,4969.0,5035.0,4935.2,4950.8
2024-01-22,4946.0,4950.4,4560.8,4645.6
2024-01-23,4659.0,4849.0,4608.6,4800.4
2024-01-24,4850.4,4898.4,4683.8,4890.2
2024-01-25,4856.6,5062.6,4846.4,5060.0
2024-01-26,5043.0,5056.4,4969.0,4992.6
2024-01-29,5018.0,5030.0,4886.4,4893.2
2024-01-30,4856.0,4916.6,4745.2,4767.8
2024-01-31,4750.0,4799.6,4648.0,4657.4
2024-02-01,4650.0,4762.4,4596.0,4648.8
2024-02-02,4629.8,4668.0,4274.2,4452.4
2024-02-05,4412.0,4513.0,4129.2,4285.2
2024-02-06,4279.6,4822.0,4271.8,4809.8
2024-02-07,4805.0,5134.6,4802.0,5128.6
2024-02-08,5180.0,5399.0,5085.2,5110.6
2024-02-19,5201.0,5213.0,5025.0,5083.4
2024-02-20,5067.8,5122.6,5038.6,5097.4
2024-02-21,5065.0,5248.6,5058.8,5107.2
2024-02-22,5117.2,5175.0,5097.0,5159.2
2024-02-23,5180.0,5193.2,5092.0,5186.0
2024-02-26,5179.8,5247.8,5142.0,5168.2
2024-02-27,5160.0,5308.8,5146.0,5307.8
2024-02-28,5319.2,5382.8,5170.2,5175.2
2024-02-29,5202.0,5362.6,5164.0,5346.4
2024-03-01,5346.4,5394.4,5319.2,5382.6
2024-03-04,5390.0,5404.6,5315.0,5377.0
2024-03-05,5351.0,5377.0,5311.0,5334.8
2024-03-06,5320.4,5413.4,5291.0,5342.8
2024-03-07,5352.2,5385.0,5270.8,5272.4
2024-03-08,5298.0,5368.4,5266.0,5346.2
2024-03-11,5339.6,5459.2,5335.0,5456.2
2024-03-12,5457.4,5486.0,5387.0,5427.6
2024-03-13,5444.0,5469.8,5390.4,5417.0
2024-03-14,5406.0,5436.8,5338.4,5382.2
2024-03-15,5363.2,5456.8,5338.8,5452.6
2024-03-18,5465.0,5536.8,5446.2,5533.0
2024-03-19,5517.2,5525.6,5465.0,5472.2
2024-03-20,5470.6,5505.0,5452.0,5486.0
2024-03-21,5496.8,5512.8,5446.4,5457.8
2024-03-22,5448.0,5458.8,5343.0,5367.0
2024-03-25,5352.8,5392.8,5280.2,5293.8
2024-03-26,5299.6,5317.8,5240.2,5267.4
2024-03-27,5261.0,5272.4,5145.2,5150.6
2024-03-28,5169.6,5280.0,5160.0,5216.8
2024-03-29,5214.0,5293.6,5201.8,5288.4
2024-04-01,5318.6,5414.8,5315.0,5404.0
2024-04-02,5392.6,5413.8,5351.8,5381.8
2024-04-03,5372.4,5379.4,5342.0,5372.0
2024-04-08,5363.0,5379.0,5282.0,5286.2
2024-04-09,5291.0,5338.8,5284.2,5334.2
2024-04-10,5327.4,5330.6,5225.4,5269.0
2024-04-11,5240.0,5360.0,5233.8,5303.0
2024-04-12,5315.0,5341.0,5260.0,5263.2
2024-04-15,5264.8,5385.4,5216.8,5345.0
2024-04-16,5323.0,5353.6,5175.6,5198.0
2024-04-17,5246.8,5346.6,5221.0,5341.8
2024-04-18,5306.6,5406.4,5278.6,5336.8
2024-04-19,5328.8,5358.8,5271.0,5288.0
2024-04-22,5269.8,5332.2,5235.6,5246.2
2024-04-23,5255.0,5285.0,5174.8,5185.6
2024-04-24,5215.6,5253.6,5160.4,5251.0
2024-04-25,5229.4,5288.8,5212.0,5246.8
2024-04-26,5262.0,5391.2,5262.0,5373.4
2024-04-29,5399.2,5505.4,5393.0,5484.8
2024-04-30,5489.8,5493.0,5438.0,5442.0
2024-05-06,5529.6,5548.0,5500.2,5523.4
2024-05-07,5500.2,5514.4,5470.4,5487.8
2024-05-08,5480.0,5480.0,5411.2,5417.8
2024-05-09,5418.0,5539.4,5418.0,5516.0
2024-05-10,5529.0,5547.0,5450.6,5500.0
2024-05-13,5478.0,5493.4,5413.4,5463.6
2024-05-14,5485.6,5510.0,5437.0,5454.0
2024-05-15,5449.2,5457.2,5391.4,5405.8
2024-05-16,5430.0,5445.0,5358.6,5378.4
2024-05-17,5387.4,5468.2,5370.0,5460.4
2024-05-20,5472.2,5511.6,5446.6,5474.0
2024-05-21,5467.0,5474.2,5414.8,5440.6
2024-05-22,5436.6,5448.0,5410.6,5424.0
2024-05-23,5410.0,5410.0,5300.4,5326.0
2024-05-24,5320.0,5368.8,5266.6,5270.4
2024-05-27,5291.0,5329.8,5238.6,5322.4
2024-05-28,5312.6,5322.0,5261.2,5280.0
2024-05-29,5276.0,5337.0,5267.6,5290.0
2024-05-30,5280.0,5324.8,5260.6,5287.0
2024-05-31,5315.0,5341.6,5280.2,5282.2
2024-06-03,5280.2,5295.0,5194.0,5239.8
2024-06-04,5229.0,5330.0,5218.0,5307.2
2024-06-05,5300.0,5318.0,5245.6,5247.6
2024-06-06,5280.0,5285.6,5183.6,5208.2
2024-06-07,5239.0,5248.6,5149.0,5178.0
2024-06-11,5154.2,5217.8,5134.2,5198.6
2024-06-12,5190.0,5228.8,5186.0,5210.0
2024-06-13,5215.6,5222.8,5162.2,5184.0
2024-06-14,5175.4,5239.0,5152.0,5211.6
2024-06-17,5194.0,5220.8,5186.2,5198.2
2024-06-18,5206.4,5247.8,5201.8,5226.6
2024-06-19,5240.2,5244.8,5162.4,5169.2
2024-06-20,5132.0,5153.8,5052.0,5058.8
2024-06-21,5050.0,5097.4,5041.4,5060.6
2024-06-24,5042.0,5048.0,4949.2,4965.0
2024-06-25,4981.0,4982.8,4882.4,4923.4
2024-06-26,4920.0,5003.8,4886.6,4990.2
2024-06-27,4980.0,4981.8,4892.0,4908.0
2024-06-28,4900.0,4992.0,4897.2,4909.0
2024-07-01,4926.0,4998.4,4898.2,4968.2
2024-07-02,4963.6,4973.2,4902.4,4924.6
2024-07-03,4921.0,4933.2,4875.0,4879.8
2024-07-04,4895.0,4907.8,4795.0,4803.8
2024-07-05,4807.0,4857.6,4771.2,4842.0
2024-07-08,4840.0,4840.0,4738.6,4762.4
2024-07-09,4757.8,4881.0,4731.2,4854.8
2024-07-10,4853.8,4881.8,4827.0,4831.4
2024-07-11,4878.4,4939.6,4855.2,4925.4
2024-07-12,4920.4,4934.6,4893.6,4908.0
2024-07-15,4898.0,4898.0,4851.0,4862.6
2024-07-16,4861.2,4903.0,4834.2,4881.2
2024-07-17,4877.4,4894.8,4840.0,4851.2
2024-07-18,4806.0,4855.0,4758.2,4853.4
2024-07-19,4831.0,4882.2,4807.8,4846.2
2024-07-22,4856.2,4874.4,4807.0,4834.4
2024-07-23,4855.0,4855.0,4690.2,4691.0
2024-07-24,4692.0,4711.4,4624.8,4631.4
2024-07-25,4618.0,4692.8,4608.0,4627.2
2024-07-26,4652.8,4727.0,4647.2,4709.4
2024-07-29,4719.4,4719.4,4672.0,4679.4
2024-07-30,4666.0,4694.0,4618.6,4673.0
2024-07-31,4675.6,4892.4,4660.0,4890.2
2024-08-01,4891.8,4936.2,4816.6,4841.0
2024-08-02,4781.0,4851.0,4746.4,4755.6
2024-08-05,4736.8,4831.8,4655.4,4665.2
2024-08-06,4729.0,4755.0,4658.2,4715.8
2024-08-07,4710.0,4755.0,4678.0,4711.8
2024-08-08,4705.0,4769.0,4666.0,4727.6
2024-08-09,4758.0,4784.6,4678.6,4682.0
2024-08-12,4672.6,4711.6,4658.2,4694.0
2024-08-13,4705.0,4710.8,4650.2,4705.0
2024-08-14,4701.0,4703.6,4625.8,4626.6
2024-08-15,4623.8,4735.8,4616.0,4661.2
2024-08-16,4677.0,4685.4,4639.0,4642.8
2024-08-19,4638.8,4720.4,4638.8,4662.0
2024-08-20,4662.0,4670.0,4553.2,4572.0
2024-08-21,4569.0,4586.0,4556.6,4570.6
2024-08-22,4569.0,4582.0,4497.0,4514.6
2024-08-23,4519.0,4538.6,4500.6,4518.6
2024-08-26,4535.0,4548.0,4505.2,4527.0
2024-08-27,4516.8,4518.0,4472.8,4480.2
2024-08-28,4475.8,4520.6,4468.0,4483.0
2024-08-29,4470.0,4576.2,4461.6,4547.2
2024-08-30,4546.4,4711.2,4542.0,4628.4
2024-09-02,4623.0,4631.8,4526.8,4532.4
2024-09-03,4540.0,4607.6,4532.8,4576.0
2024-09-04,4555.0,4618.4,4532.0,4569.2
2024-09-05,4580.2,4628.6,4569.6,4592.4
2024-09-06,4603.8,4615.4,4512.8,4524.2
2024-09-09,4515.0,4543.0,4475.0,4494.6
2024-09-10,4505.0,4524.2,4411.6,4493.0
2024-09-11,4485.4,4525.0,4463.2,4509.2
2024-09-12,4526.0,4573.8,4485.4,4496.4
2024-09-13,4505.2,4510.0,4444.0,4444.8
2024-09-18,4452.0,4476.6,4385.0,4460.0
2024-09-19,4447.0,4557.0,4400.0,4508.6
2024-09-20,4496.0,4500.0,4446.2,4474.8
2024-09-23,4465.0,4538.8,4452.8,4478.4
2024-09-24,4530.0,4706.0,4490.8,4705.6
2024-09-25,4746.2,4851.4,4720.4,4732.0
2024-09-26,4731.0,5002.0,4723.2,4995.2
2024-09-27,5050.0,5432.4,5027.0,5430.2
2024-09-30,5631.0,5902.8,5451.0,5902.8
2024-10-08,6483.0,6483.0,5876.0,6098.2
2024-10-09,6013.0,6108.2,5690.0,5790.8
2024-10-10,5852.0,5915.6,5635.4,5712.6
2024-10-11,5681.0,5684.8,5403.6,5485.0
2024-10-14,5548.4,5643.0,5411.2,5605.4
2024-10-15,5565.8,5669.2,5450.2,5456.4
2024-10-16,5407.6,5565.2,5407.6,5463.8
2024-10-17,5480.0,5548.6,5399.6,5401.2
2024-10-18,5427.0,5865.0,5405.4,5613.4
2024-10-21,5653.0,5795.8,5629.8,5686.6
2024-10-22,5682.8,5775.6,5660.0,5750.0
2024-10-23,5740.0,5856.8,5720.2,5767.6
2024-10-24,5752.0,5758.0,5686.0,5721.6
2024-10-25,5726.8,5852.6,5720.2,5806.0
2024-10-28,5806.2,5878.0,5775.2,5871.2
2024-10-29,5899.0,5913.2,5791.4,5816.0
2024-10-30,5808.0,5872.2,5762.0,5829.8
2024-10-31,5832.2,5939.0,5800.6,5883.6
2024-11-01,5873.8,5922.2,5793.0,5838.0
2024-11-04,5841.2,5920.0,5822.0,5917.4
2024-11-05,5915.0,6118.6,5889.0,6093.8
2024-11-06,6100.0,6186.6,6044.0,6096.0
2024-11-07,6070.0,6219.6,6044.0,6207.8
2024-11-08,6260.0,6304.8,6151.6,6174.0
2024-11-11,6149.0,6274.6,6134.0,6240.0
2024-11-12,6250.0,6316.8,6153.0,6184.0
2024-11-13,6149.0,6220.0,6118.4,6186.4
2024-11-14,6170.8,6174.8,6035.2,6057.4
2024-11-15,6066.0,6076.6,5909.0,5913.2
2024-11-18,5947.0,5949.0,5772.2,5822.0
2024-11-19,5833.6,5915.0,5769.0,5890.2
2024-11-20,5872.0,5979.8,5872.0,5943.8
2024-11-21,5932.6,5962.8,5891.2,5933.4
2024-11-22,5929.0,5937.4,5703.6,5709.0
2024-11-25,5730.0,5739.0,5628.0,5688.8
2024-11-26,5667.8,5726.0,5631.2,5652.8
2024-11-27,5643.2,5784.8,5571.6,5767.6
2024-11-28,5752.0,5798.0,5700.6,5723.6
2024-11-29,5729.8,5892.6,5702.0,5822.4
2024-12-02,5828.2,5948.0,5822.2,5912.0
2024-12-03,5915.4,5938.2,5851.2,5903.2
2024-12-04,5893.6,5913.4,5818.2,5860.0
2024-12-05,5844.6,5908.0,5826.4,5878.0
2024-12-06,5880.8,6006.4,5838.2,5963.4
2024-12-09,5962.0,5985.0,5880.0,5922.6
2024-12-10,6120.4,6165.0,5967.6,5991.4
2024-12-11,5998.8,6055.4,5985.4,6036.4
2024-12-12,6038.0,6115.6,6018.0,6093.0
2024-12-13,6050.0,6056.4,5966.6,5998.2
2024-12-16,6002.2,6002.2,5888.6,5908.0
2024-12-17,5901.0,5926.6,5840.4,5850.8
2024-12-18,5887.2,5930.0,5850.0,5888.6
2024-12-19,5826.8,5905.6,5795.0,5884.0
2024-12-20,5873.0,5946.4,5870.0,5895.6
2024-12-23,5899.0,5916.0,5799.6,5803.0
2024-12-24,5815.0,5892.2,5815.0,5879.2
2024-12-25,5871.0,5878.2,5771.2,5828.4
2024-12-26,5826.0,5887.0,5820.8,5870.0
2024-12-27,5879.4,5975.6,5860.0,5887.8
2024-12-30,5890.0,5923.6,5855.2,5889.2
2024-12-31,5895.2,5905.0,5691.6,5693.0
2025-01-02,5695.2,5706.8,5477.2,5534.6
2025-01-03,5545.2,5567.0,5408.0,5428.8
2025-01-06,5421.2,5476.0,5381.0,5418.0
2025-01-07,5416.0,5482.0,5395.0,5468.8
2025-01-08,5455.0,5498.8,5308.6,5448.2
2025-01-09,5440.0,5485.8,5427.6,5437.2
2025-01-10,5432.0,5496.0,5365.2,5365.6
2025-01-13,5321.0,5425.6,5321.0,5385.6
2025-01-14,5401.0,5594.6,5369.8,5569.0
2025-01-15,5566.0,5567.6,5511.4,5526.0
2025-01-16,5519.2,5620.8,5477.8,5515.4
2025-01-17,5483.0,5607.8,5483.0,5568.0
2025-01-20,5601.8,5659.4,5582.0,5597.2
2025-01-21,5626.0,5639.8,5557.0,5616.6
2025-01-22,5589.0,5605.0,5533.2,5595.0
2025-01-23,5640.0,5717.8,5558.4,5561.4
2025-01-24,5568.6,5665.0,5560.2,5653.4
2025-01-27,5653.0,5674.2,5554.2,5560.4
2025-02-05,5620.0,5631.8,5565.0,5590.8
2025-02-06,5563.0,5728.0,5551.4,5712.8
2025-02-07,5712.8,5877.4,5703.6,5807.6
2025-02-10,5832.0,5863.8,5804.0,5844.0
2025-02-11,5848.8,5848.8,5782.6,5822.8
2025-02-12,5811.4,5916.2,5809.4,5902.6
2025-02-13,5895.0,5917.8,5850.0,5873.0
2025-02-14,5878.2,5933.8,5855.0,5925.0
2025-02-17,5958.0,5960.0,5860.6,5909.4
2025-02-18,5900.6,5919.2,5783.0,5822.6
2025-02-19,5822.6,5924.6,5806.6,5913.4
2025-02-20,5895.0,5948.8,5881.8,5918.0
2025-02-21,5933.0,6048.2,5909.0,6028.8
2025-02-24,6025.0,6030.0,5958.0,5994.4
2025-02-25,5948.0,5998.8,5916.6,5950.4
2025-02-26,5962.4,6029.6,5922.6,5997.0
2025-02-27,5990.6,6014.4,5888.6,5982.4
2025-02-28,5961.2,5965.0,5808.4,5838.4
2025-03-03,5853.0,5938.0,5822.2,5847.2
2025-03-04,5810.6,5921.4,5810.0,5896.4
2025-03-05,5900.0,5919.0,5837.0,5905.8
2025-03-06,5941.0,6047.0,5940.0,6020.0
2025-03-07,6006.0,6036.0,5968.2,5992.4
2025-03-10,5985.0,6008.4,5920.2,5961.2
2025-03-11,5906.0,6011.8,5901.0,6011.0
2025-03-12,6028.6,6079.8,5998.6,6019.0
2025-03-13,6013.4,6027.8,5914.6,5967.8
2025-03-14,5970.2,6099.2,5951.4,6096.2
2025-03-17,6109.0,6110.0,6077.2,6083.0
2025-03-18,6105.0,6165.0,6094.6,6112.4
2025-03-19,6099.8,6121.0,6058.2,6099.4
2025-03-20,6057.2,6057.2,5994.8,6005.6
2025-03-21,5988.8,6020.0,5880.4,5913.6
2025-03-24,5913.0,5933.4,5838.6,5903.8
2025-03-25,5900.0,5936.0,5864.0,5895.2
2025-03-26,5893.6,5949.8,5893.6,5895.8
2025-03-27,5894.0,5967.0,5836.4,5922.2
2025-03-28,5919.8,5941.4,5855.8,5869.6
2025-03-31,5848.8,5875.0,5751.2,5819.6
2025-04-01,5836.0,5898.2,5825.0,5850.6
2025-04-02,5854.4,5910.8,5843.4,5868.6
2025-04-03,5827.6,5887.8,5788.0,5822.4
2025-04-07,5659.8,5659.8,5236.2,5236.2
2025-04-08,5301.0,5351.4,5172.0,5271.0
2025-04-09,5200.0,5442.6,5101.4,5387.2
2025-04-10,5545.0,5598.8,5467.0,5509.0
2025-04-11,5500.0,5620.0,5492.0,5555.8
2025-04-14,5615.6,5638.0,5580.2,5584.8
2025-04-15,5581.0,5598.8,5542.2,5580.0
2025-04-16,5571.0,5571.0,5483.8,5540.4
2025-04-17,5429.8,5536.8,5429.8,5483.6
2025-04-18,5473.0,5525.6,5447.0,5481.2
2025-04-21,5477.0,5602.2,5457.6,5578.8
2025-04-22,5582.4,5599.0,5553.0,5568.0
2025-04-23,5598.0,5644.0,5560.0,5580.4
2025-04-24,5575.0,5602.6,5530.8,5564.4
2025-04-25,5579.6,5630.4,5553.0,5582.2
2025-04-28,5580.2,5594.8,5534.2,5556.0
2025-04-29,5546.8,5591.8,5527.0,5573.8
2025-04-30,5580.8,5618.4,5570.2,5590.2
2025-05-06,5620.4,5710.0,5620.4,5705.6
2025-05-07,5700.0,5748.0,5591.4,5620.2
2025-05-08,5610.0,5685.6,5609.6,5660.0
2025-05-09,5656.0,5658.0,5583.0,5604.8
2025-05-12,5658.0,5692.0,5625.0,5688.0
2025-05-13,5705.2,5717.8,5639.8,5654.6
2025-05-14,5663.4,5749.2,5635.8,5697.8
2025-05-15,5685.0,5689.8,5602.6,5623.0
2025-05-16,5615.8,5641.6,5601.2,5601.8
2025-05-19,5600.0,5628.0,5548.2,5623.0
2025-05-20,5630.2,5663.0,5596.6,5650.8
